order_id,customer_id,order_date,amount,order_status
101,48,2025-02-14,56.68,cancelled
102,30,2025-01-06,177.34,returned
103,94,2025-02-24,152.03,cancelled
104,93,2025-06-07,29.46,pending
105,18,2025-05-13,52.02,shipped
106,78,2025-04-16,168.75,cancelled
107,94,2025-06-11,61.09,shipped
108,24,2025-01-09,140.92,completed
109,84,2025-04-13,55.83,shipped
110,14,2025-03-18,111.51,shipped
111,71,2025-03-13,41.48,cancelled
112,70,2025-02-11,156.21,cancelled
113,22,2025-05-25,36.43,pending
114,92,2025-03-01,165.45,pending
115,80,2025-06-15,71.95,pending
116,49,2025-02-02,39.72,shipped
117,60,2025-03-17,65.49,completed
118,63,2025-06-26,25.45,completed
119,76,2025-02-11,198.00,returned
120,89,2025-06-10,157.23,shipped
121,68,2025-01-18,110.54,cancelled
122,45,2025-01-26,184.79,completed
123,75,2025-06-09,173.20,completed
124,13,2025-04-20,185.31,pending
125,46,2025-05-17,62.71,shipped
126,38,2025-05-11,177.11,completed
127,70,2025-06-29,199.06,completed
128,21,2025-03-03,143.00,returned
129,52,2025-02-25,131.46,completed
130,90,2025-05-31,116.27,pending
131,99,2025-03-02,75.93,shipped
132,2,2025-03-12,50.84,pending
133,7,2025-01-07,28.98,returned
134,84,2025-06-26,86.84,completed
135,8,2025-03-14,19.75,completed
136,46,2025-05-18,177.63,shipped
137,27,2025-03-19,24.55,cancelled
138,21,2025-02-24,139.58,pending
139,39,2025-01-11,188.67,shipped
140,95,2025-02-03,192.22,completed
141,88,2025-06-19,23.55,returned
142,76,2025-05-18,23.20,cancelled
143,22,2025-04-06,173.87,completed
144,27,2025-01-11,96.71,pending
145,18,2025-04-25,114.68,returned
146,63,2025-06-01,197.91,cancelled
147,71,2025-01-18,43.33,completed
148,68,2025-04-24,191.17,cancelled
149,29,2025-06-28,189.33,completed
150,80,2025-05-06,142.36,returned
151,90,2025-02-05,35.79,returned
152,44,2025-04-25,133.47,pending
153,77,2025-04-21,98.23,pending
154,43,2025-01-19,180.84,cancelled
155,1,2025-04-10,120.91,cancelled
156,63,2025-06-03,164.23,completed
157,6,2025-05-13,49.91,returned
158,73,2025-04-09,159.21,cancelled
159,12,2025-06-20,107.52,cancelled
160,13,2025-06-09,35.11,completed
161,73,2025-05-27,106.62,cancelled
162,26,2025-02-18,41.64,pending
163,60,2025-03-16,62.81,cancelled
164,51,2025-03-12,53.41,pending
165,91,2025-05-11,136.71,cancelled
166,20,2025-02-26,179.08,shipped
167,4,2025-06-18,156.01,pending
168,68,2025-03-29,170.58,completed
169,81,2025-05-11,163.86,shipped
170,17,2025-02-08,176.34,pending
171,100,2025-02-05,33.02,returned
172,45,2025-01-28,64.11,returned
173,65,2025-05-01,84.19,cancelled
174,50,2025-04-14,179.29,completed
175,57,2025-05-08,49.98,completed
176,75,2025-02-27,13.76,shipped
177,38,2025-03-30,187.68,pending
178,55,2025-06-27,62.59,returned
179,22,2025-04-30,184.99,pending
180,74,2025-06-19,33.26,pending
181,40,2025-05-24,133.33,completed
182,54,2025-03-31,67.02,returned
183,94,2025-04-16,12.44,completed
184,17,2025-05-08,183.61,shipped
185,81,2025-03-19,57.85,shipped
186,44,2025-06-13,32.91,cancelled
187,24,2025-01-22,117.05,completed
188,90,2025-03-09,77.23,completed
189,50,2025-04-21,51.58,pending
190,40,2025-05-06,35.00,pending
191,87,2025-01-07,107.26,completed
192,9,2025-03-26,63.57,shipped
193,98,2025-01-04,14.33,shipped
194,4,2025-02-22,105.85,shipped
195,12,2025-04-03,24.50,returned
196,46,2025-06-25,110.45,shipped
197,81,2025-04-14,141.33,completed
198,75,2025-03-04,161.64,completed
199,91,2025-04-30,10.35,pending
200,45,2025-05-13,30.34,shipped
201,24,2025-05-06,110.47,completed
202,99,2025-03-11,61.18,completed
203,40,2025-04-24,21.73,shipped
204,14,2025-05-20,41.44,completed
205,1,2025-05-15,61.09,returned
206,17,2025-01-19,31.35,cancelled
207,81,2025-06-08,35.67,cancelled
208,4,2025-02-22,40.94,shipped
209,95,2025-02-03,180.09,completed
210,8,2025-05-08,108.69,pending
211,5,2025-01-30,49.60,shipped
212,78,2025-04-11,177.93,completed
213,56,2025-06-02,143.35,pending
214,71,2025-04-04,112.05,completed
215,89,2025-05-10,176.21,returned
216,13,2025-05-28,182.57,completed
217,47,2025-06-04,131.48,shipped
218,27,2025-02-14,173.27,returned
219,29,2025-03-24,98.20,completed
220,82,2025-05-24,69.31,shipped
221,85,2025-03-09,147.10,completed
222,54,2025-03-13,169.13,pending
223,27,2025-06-24,78.63,shipped
224,40,2025-03-13,110.25,shipped
225,28,2025-03-21,48.70,cancelled
226,25,2025-06-01,109.93,returned
227,65,2025-03-16,128.92,cancelled
228,98,2025-05-27,48.36,cancelled
229,100,2025-01-03,147.17,pending
230,92,2025-01-18,156.76,returned
231,22,2025-03-05,128.60,pending
232,7,2025-02-18,144.88,returned
233,18,2025-04-25,175.56,shipped
234,93,2025-03-19,156.91,shipped
235,49,2025-03-18,34.36,cancelled
236,30,2025-05-10,128.26,pending
237,28,2025-03-22,43.52,completed
238,46,2025-01-24,159.31,cancelled
239,23,2025-05-14,25.72,completed
240,24,2025-02-16,87.95,completed
241,12,2025-01-11,47.76,cancelled
242,38,2025-02-18,23.30,cancelled
243,8,2025-05-06,152.39,shipped
244,84,2025-01-30,185.10,shipped
245,19,2025-04-21,88.81,completed
246,39,2025-03-04,151.04,shipped
247,99,2025-02-12,52.17,pending
248,82,2025-06-11,134.28,shipped
249,47,2025-02-07,179.19,cancelled
250,9,2025-05-07,98.56,completed
251,67,2025-03-17,115.35,cancelled
252,74,2025-04-21,196.76,returned
253,90,2025-05-03,162.55,pending
254,5,2025-02-07,92.45,cancelled
255,40,2025-01-04,120.16,returned
256,96,2025-06-11,117.38,returned
257,91,2025-04-26,14.76,pending
258,58,2025-01-12,113.04,completed
259,11,2025-01-07,119.13,completed
260,27,2025-02-06,98.85,returned
261,73,2025-05-22,78.36,cancelled
262,94,2025-02-24,42.56,cancelled
263,58,2025-01-12,79.95,cancelled
264,79,2025-03-27,87.87,shipped
265,79,2025-04-20,192.70,returned
266,30,2025-05-02,91.15,returned
267,9,2025-02-22,19.73,pending
268,28,2025-02-26,179.25,shipped
269,26,2025-03-10,13.53,returned
270,7,2025-04-17,41.06,cancelled
271,1,2025-06-08,60.98,cancelled
272,76,2025-01-02,166.07,shipped
273,75,2025-03-20,122.40,pending
274,9,2025-02-13,113.75,cancelled
275,95,2025-03-28,144.48,pending
276,80,2025-04-20,195.42,returned
277,18,2025-03-02,157.23,shipped
278,19,2025-06-01,149.42,shipped
279,39,2025-05-04,116.62,cancelled
280,95,2025-06-27,48.27,cancelled
281,29,2025-04-26,74.15,pending
282,27,2025-03-29,125.73,returned
283,16,2025-05-03,33.91,cancelled
284,32,2025-01-19,142.83,cancelled
285,36,2025-05-09,165.01,completed
286,98,2025-05-11,137.90,cancelled
287,95,2025-06-28,28.17,completed
288,58,2025-01-25,187.49,completed
289,2,2025-04-20,141.93,completed
290,24,2025-01-15,40.84,shipped
291,97,2025-01-15,182.81,shipped
292,59,2025-05-08,107.67,completed
293,67,2025-06-29,144.68,returned
294,64,2025-01-29,84.61,pending
295,87,2025-03-20,180.72,shipped
296,92,2025-06-10,143.60,cancelled
297,93,2025-03-12,51.00,shipped
298,1,2025-04-22,154.52,completed
299,70,2025-03-10,172.37,returned
300,18,2025-02-17,17.45,cancelled
301,48,2025-02-18,15.16,cancelled
302,36,2025-02-11,174.79,shipped
303,87,2025-06-04,85.30,pending
304,53,2025-03-30,40.28,cancelled
305,38,2025-04-04,15.13,pending
306,84,2025-06-11,159.10,cancelled
307,86,2025-03-17,185.05,cancelled
308,11,2025-05-05,25.44,completed
309,33,2025-02-19,42.86,cancelled
310,87,2025-06-20,22.23,pending
311,68,2025-04-24,161.87,pending
312,48,2025-03-09,171.46,cancelled
313,35,2025-04-10,117.93,shipped
314,47,2025-06-28,153.12,shipped
315,29,2025-03-16,76.28,pending
316,10,2025-04-13,190.98,completed
317,92,2025-01-15,130.36,returned
318,57,2025-03-21,150.57,shipped
319,7,2025-01-16,137.12,pending
320,70,2025-01-05,37.84,shipped
321,95,2025-03-01,11.36,cancelled
322,59,2025-04-18,78.00,completed
323,12,2025-03-21,128.02,completed
324,51,2025-03-19,86.83,pending
325,30,2025-06-05,47.49,pending
326,50,2025-01-10,156.56,returned
327,58,2025-01-03,100.74,pending
328,70,2025-03-02,90.91,returned
329,41,2025-02-06,107.43,shipped
330,30,2025-02-08,199.56,shipped
331,4,2025-06-28,169.58,shipped
332,36,2025-02-01,72.58,shipped
333,55,2025-06-13,120.66,returned
334,10,2025-04-03,119.65,cancelled
335,93,2025-05-20,169.54,returned
336,95,2025-05-29,18.69,pending
337,32,2025-02-22,47.28,returned
338,48,2025-01-30,105.16,returned
339,80,2025-03-16,120.22,cancelled
340,72,2025-01-18,22.30,cancelled
341,19,2025-06-03,53.26,cancelled
342,70,2025-04-18,108.76,pending
343,77,2025-03-08,32.88,returned
344,46,2025-05-23,190.48,shipped
345,48,2025-04-09,25.83,completed
346,31,2025-05-04,40.96,returned
347,96,2025-06-12,52.72,returned
348,74,2025-02-27,118.49,pending
349,79,2025-01-24,77.16,completed
350,88,2025-02-02,130.52,returned
351,35,2025-01-19,175.00,completed
352,50,2025-03-25,149.27,cancelled
353,24,2025-02-05,151.16,returned
354,16,2025-06-15,119.80,pending
355,55,2025-03-19,194.58,returned
356,93,2025-02-05,15.06,completed
357,58,2025-02-26,87.22,cancelled
358,50,2025-06-27,73.23,cancelled
359,29,2025-06-18,112.00,shipped
360,66,2025-01-24,183.94,pending
361,49,2025-03-09,22.18,pending
362,13,2025-05-27,61.78,completed
363,19,2025-04-03,78.58,shipped
364,82,2025-01-22,43.49,completed
365,36,2025-05-11,162.58,shipped
366,93,2025-01-29,129.74,cancelled
367,46,2025-03-06,188.82,shipped
368,100,2025-02-17,154.95,returned
369,37,2025-06-08,75.39,returned
370,22,2025-05-25,157.75,returned
371,87,2025-02-24,37.31,cancelled
372,59,2025-06-29,142.38,completed
373,63,2025-05-04,81.29,completed
374,94,2025-04-09,158.03,pending
375,78,2025-02-28,30.26,pending
376,20,2025-04-22,85.64,cancelled
377,100,2025-06-18,166.57,shipped
378,51,2025-02-21,119.43,cancelled
379,25,2025-02-19,130.82,returned
380,64,2025-02-07,182.59,shipped
381,4,2025-05-28,64.71,completed
382,49,2025-05-03,88.04,returned
383,41,2025-03-06,195.82,pending
384,73,2025-06-18,138.44,returned
385,59,2025-02-13,197.91,shipped
386,29,2025-01-11,21.76,shipped
387,15,2025-02-20,175.10,cancelled
388,9,2025-01-12,143.94,completed
389,18,2025-03-22,31.11,returned
390,43,2025-02-19,177.02,returned
391,47,2025-03-23,183.91,cancelled
392,22,2025-04-02,76.39,cancelled
393,58,2025-06-15,111.40,shipped
394,43,2025-02-21,170.96,cancelled
395,36,2025-03-09,130.81,shipped
396,85,2025-03-06,79.65,cancelled
397,42,2025-03-03,27.14,pending
398,12,2025-03-06,137.66,shipped
399,33,2025-05-18,56.96,cancelled
400,90,2025-02-06,192.66,completed
401,65,2025-03-27,140.90,completed
402,27,2025-03-23,93.12,shipped
403,30,2025-06-27,185.84,pending
404,15,2025-03-15,161.10,shipped
405,60,2025-05-13,71.77,cancelled
406,25,2025-04-17,67.24,pending
407,94,2025-04-01,176.11,completed
408,18,2025-02-17,176.27,shipped
409,34,2025-02-21,164.89,shipped
410,29,2025-06-08,37.15,pending
411,11,2025-03-28,121.28,shipped
412,53,2025-05-12,29.62,pending
413,27,2025-02-25,52.22,returned
414,86,2025-06-10,95.23,returned
415,30,2025-02-08,152.58,returned
416,52,2025-02-20,58.00,pending
417,33,2025-06-12,184.54,cancelled
418,42,2025-05-09,99.03,completed
419,64,2025-03-05,96.52,completed
420,37,2025-02-01,179.73,shipped
421,18,2025-01-23,93.58,cancelled
422,87,2025-03-23,185.07,completed
423,68,2025-05-17,35.26,shipped
424,39,2025-05-24,86.82,returned
425,71,2025-01-17,44.75,cancelled
426,22,2025-05-05,136.31,pending
427,96,2025-06-09,194.59,shipped
428,93,2025-03-10,192.42,completed
429,43,2025-03-08,15.05,cancelled
430,21,2025-04-03,197.54,shipped
431,42,2025-02-05,38.36,cancelled
432,56,2025-03-27,176.21,completed
433,67,2025-01-16,166.19,pending
434,59,2025-03-08,53.21,shipped
435,85,2025-03-23,143.78,shipped
436,97,2025-04-19,189.72,pending
437,14,2025-02-13,41.38,pending
438,42,2025-04-17,98.33,shipped
439,88,2025-04-19,162.46,completed
440,88,2025-04-02,175.82,pending
441,60,2025-06-26,50.75,returned
442,39,2025-02-23,133.19,cancelled
443,27,2025-02-19,47.67,returned
444,88,2025-01-04,34.41,cancelled
445,41,2025-04-20,21.72,returned
446,13,2025-05-06,57.09,cancelled
447,28,2025-03-03,76.68,returned
448,96,2025-06-26,180.60,cancelled
449,83,2025-04-11,142.35,shipped
450,50,2025-05-30,110.75,cancelled
451,33,2025-05-21,178.31,returned
452,32,2025-04-15,191.58,cancelled
453,37,2025-05-21,137.94,completed
454,40,2025-04-11,70.88,shipped
455,21,2025-04-09,161.22,shipped
456,77,2025-04-15,53.84,completed
457,17,2025-06-02,98.07,completed
458,73,2025-04-09,152.46,returned
459,100,2025-02-20,24.32,cancelled
460,96,2025-03-24,131.47,returned
461,89,2025-02-06,47.14,pending
462,76,2025-02-15,133.96,shipped
463,66,2025-05-09,10.77,pending
464,59,2025-03-05,115.84,returned
465,74,2025-01-06,196.13,completed
466,72,2025-02-18,130.34,shipped
467,13,2025-05-08,30.13,shipped
468,19,2025-04-23,140.65,completed
469,68,2025-03-14,55.88,returned
470,27,2025-02-17,134.62,cancelled
471,41,2025-01-05,64.35,completed
472,24,2025-03-05,173.61,cancelled
473,30,2025-03-30,12.62,shipped
474,46,2025-06-16,65.07,pending
475,16,2025-05-29,165.57,pending
476,100,2025-04-25,91.40,shipped
477,67,2025-01-29,29.28,completed
478,24,2025-01-24,144.72,completed
479,25,2025-05-09,41.94,cancelled
480,29,2025-03-12,132.69,completed
481,36,2025-05-10,144.26,cancelled
482,68,2025-01-31,138.63,cancelled
483,88,2025-01-24,52.38,completed
484,20,2025-05-23,184.42,shipped
485,21,2025-04-09,192.62,pending
486,30,2025-05-29,102.70,returned
487,46,2025-05-13,146.40,shipped
488,98,2025-01-10,23.68,completed
489,17,2025-03-13,154.60,completed
490,59,2025-02-18,62.75,pending
491,64,2025-05-28,133.90,cancelled
492,29,2025-06-28,167.32,completed
493,29,2025-04-11,140.26,returned
494,44,2025-06-25,140.81,completed
495,57,2025-05-03,89.23,completed
496,69,2025-06-15,141.37,pending
497,79,2025-03-10,64.28,pending
498,70,2025-05-02,36.70,shipped
499,95,2025-03-14,31.77,cancelled
500,64,2025-05-29,176.37,cancelled
501,26,2025-05-13,65.96,shipped
502,19,2025-01-11,190.35,shipped
503,16,2025-01-27,32.79,shipped
504,65,2025-04-04,185.44,shipped
505,65,2025-01-26,84.46,completed
506,11,2025-02-15,128.57,returned
507,78,2025-05-11,46.01,cancelled
508,71,2025-01-03,122.39,returned
509,3,2025-04-19,95.99,pending
510,82,2025-05-29,177.87,shipped
511,93,2025-02-23,168.42,pending
512,34,2025-05-13,152.10,cancelled
513,70,2025-02-09,72.76,completed
514,82,2025-01-21,140.34,returned
515,50,2025-05-21,76.39,returned
516,52,2025-03-24,31.99,returned
517,78,2025-04-08,113.23,completed
518,80,2025-02-13,123.86,cancelled
519,82,2025-02-11,54.71,completed
520,56,2025-01-20,47.28,shipped
521,6,2025-01-27,87.92,shipped
522,84,2025-02-17,102.81,shipped
523,15,2025-06-28,74.09,cancelled
524,25,2025-05-06,147.39,cancelled
525,55,2025-04-07,95.24,pending
526,87,2025-06-16,84.34,pending
527,38,2025-03-02,66.21,completed
528,34,2025-01-17,153.15,completed
529,60,2025-03-26,128.44,returned
530,89,2025-01-16,43.77,pending
531,53,2025-04-28,133.91,shipped
532,37,2025-01-23,98.68,returned
533,74,2025-01-11,108.18,pending
534,84,2025-05-15,32.43,returned
535,50,2025-04-05,84.24,cancelled
536,18,2025-02-17,193.10,cancelled
537,14,2025-03-29,147.29,completed
538,46,2025-01-20,59.91,completed
539,80,2025-03-09,135.82,shipped
540,95,2025-06-06,115.22,shipped
541,36,2025-04-09,113.13,cancelled
542,92,2025-01-16,131.08,completed
543,80,2025-02-09,190.36,returned
544,28,2025-02-07,102.54,completed
545,38,2025-03-15,135.89,completed
546,45,2025-03-11,146.55,cancelled
547,68,2025-05-25,156.49,pending
548,73,2025-03-04,178.85,completed
549,19,2025-03-30,10.05,completed
550,33,2025-06-03,52.04,pending
551,84,2025-05-21,88.33,returned
552,82,2025-02-11,130.73,completed
553,32,2025-05-09,61.41,shipped
554,62,2025-03-10,161.90,completed
555,39,2025-03-19,24.44,pending
556,2,2025-03-26,43.69,shipped
557,35,2025-06-08,184.28,returned
558,96,2025-06-12,127.77,cancelled
559,38,2025-06-12,177.71,completed
560,23,2025-05-11,46.49,cancelled
561,53,2025-01-11,162.44,shipped
562,40,2025-01-20,156.52,shipped
563,4,2025-02-17,193.53,completed
564,95,2025-05-28,104.59,completed
565,80,2025-05-22,147.15,cancelled
566,87,2025-02-06,33.21,completed
567,67,2025-02-11,115.29,shipped
568,17,2025-06-14,78.00,completed
569,77,2025-05-13,86.03,completed
570,4,2025-02-28,156.71,returned
571,74,2025-03-19,184.75,cancelled
572,62,2025-05-29,54.73,cancelled
573,45,2025-06-19,57.91,pending
574,65,2025-04-13,159.08,pending
575,22,2025-04-16,132.17,pending
576,91,2025-05-04,74.02,pending
577,53,2025-05-28,64.58,returned
578,35,2025-02-10,63.32,pending
579,89,2025-02-10,123.70,cancelled
580,29,2025-06-08,194.01,cancelled
581,95,2025-06-28,110.56,cancelled
582,20,2025-06-12,53.94,returned
583,6,2025-01-06,69.55,completed
584,11,2025-05-09,31.30,returned
585,2,2025-05-26,61.94,pending
586,82,2025-01-25,66.76,returned
587,19,2025-03-13,162.88,pending
588,40,2025-01-11,157.56,returned
589,84,2025-04-11,18.49,completed
590,47,2025-02-16,36.46,returned
591,61,2025-04-17,88.14,shipped
592,62,2025-01-16,125.80,returned
593,42,2025-01-19,39.16,cancelled
594,31,2025-03-15,63.33,pending
595,51,2025-04-14,174.85,completed
596,76,2025-04-20,97.21,cancelled
597,31,2025-05-26,84.36,returned
598,23,2025-05-18,117.94,completed
599,28,2025-04-23,19.32,shipped
600,3,2025-04-29,22.01,cancelled
601,68,2025-02-14,78.17,cancelled
602,33,2025-04-10,52.39,returned
603,100,2025-02-02,145.56,pending
604,93,2025-05-09,71.37,cancelled
605,9,2025-03-30,189.59,completed
606,56,2025-02-05,69.48,completed
607,25,2025-04-14,185.90,returned
608,58,2025-06-16,18.79,cancelled
609,53,2025-05-07,54.97,completed
610,16,2025-03-04,164.16,pending
611,40,2025-04-29,12.31,shipped
612,6,2025-05-21,68.52,shipped
613,89,2025-06-15,145.46,returned
614,45,2025-03-21,16.76,completed
615,97,2025-06-12,161.97,cancelled
616,51,2025-03-04,45.05,returned
617,78,2025-01-14,101.13,returned
618,79,2025-06-11,85.47,pending
619,63,2025-01-25,160.52,cancelled
620,96,2025-01-04,125.68,completed
621,20,2025-05-01,32.35,completed
622,39,2025-06-19,79.16,shipped
623,91,2025-05-13,153.88,completed
624,83,2025-01-31,149.89,cancelled
625,34,2025-03-25,180.98,cancelled
626,10,2025-03-31,111.11,cancelled
627,36,2025-02-16,146.97,pending
628,53,2025-05-01,20.34,pending
629,51,2025-02-22,197.33,pending
630,64,2025-03-18,199.80,cancelled
631,15,2025-06-09,99.12,completed
632,22,2025-03-10,57.06,cancelled
633,45,2025-05-22,189.44,completed
634,2,2025-01-24,121.05,shipped
635,29,2025-02-21,123.16,returned
636,82,2025-06-08,144.19,completed
637,39,2025-04-18,167.31,shipped
638,20,2025-02-19,76.81,cancelled
639,59,2025-05-27,115.67,returned
640,6,2025-04-02,181.50,completed
641,13,2025-05-02,137.27,shipped
642,7,2025-06-04,78.16,cancelled
643,32,2025-02-28,113.92,completed
644,6,2025-05-26,89.47,completed
645,90,2025-01-02,187.93,pending
646,66,2025-03-18,181.09,cancelled
647,72,2025-05-28,129.68,completed
648,28,2025-03-16,149.43,cancelled
649,74,2025-01-04,53.74,shipped
650,30,2025-02-20,35.73,shipped
651,4,2025-02-01,181.78,shipped
652,36,2025-06-16,143.38,completed
653,54,2025-06-10,178.44,pending
654,35,2025-04-02,89.54,pending
655,95,2025-04-09,110.83,cancelled
656,76,2025-03-01,187.73,shipped
657,86,2025-02-18,155.45,pending
658,74,2025-02-27,140.70,pending
659,33,2025-03-04,189.56,returned
660,78,2025-05-31,155.97,pending
661,75,2025-01-31,195.14,completed
662,55,2025-01-12,65.83,pending
663,42,2025-04-26,50.41,completed
664,24,2025-02-16,173.96,returned
665,54,2025-06-04,190.01,returned
666,54,2025-02-07,141.17,pending
667,58,2025-06-08,194.72,cancelled
668,15,2025-06-01,74.44,shipped
669,48,2025-05-30,121.45,pending
670,48,2025-06-12,122.51,completed
671,92,2025-03-03,158.79,cancelled
672,92,2025-03-07,128.67,shipped
673,19,2025-01-24,88.31,completed
674,9,2025-01-16,191.45,cancelled
675,64,2025-01-20,117.33,returned
676,1,2025-06-07,118.05,cancelled
677,9,2025-04-29,15.08,returned
678,72,2025-03-11,55.76,cancelled
679,78,2025-03-14,58.11,shipped
680,52,2025-03-30,54.77,pending
681,95,2025-03-14,43.72,pending
682,46,2025-05-30,187.76,completed
683,80,2025-02-01,131.24,pending
684,5,2025-06-14,195.86,cancelled
685,15,2025-03-31,138.45,completed
686,13,2025-03-27,17.02,cancelled
687,16,2025-03-26,79.77,shipped
688,34,2025-05-08,113.48,shipped
689,44,2025-05-03,86.42,returned
690,94,2025-02-19,156.48,pending
691,72,2025-04-17,190.42,pending
692,77,2025-03-15,85.04,completed
693,16,2025-01-10,157.25,returned
694,83,2025-04-07,97.65,shipped
695,94,2025-05-21,89.88,shipped
696,92,2025-03-03,76.23,completed
697,18,2025-04-29,118.42,cancelled
698,25,2025-02-03,78.08,shipped
699,60,2025-05-15,24.02,shipped
700,57,2025-01-08,124.71,shipped
701,81,2025-03-09,84.18,completed
702,24,2025-04-25,145.64,shipped
703,32,2025-01-11,85.11,pending
704,92,2025-06-18,113.19,shipped
705,23,2025-05-21,77.86,pending
706,36,2025-06-02,18.06,shipped
707,98,2025-03-07,73.89,pending
708,5,2025-05-29,117.26,cancelled
709,47,2025-06-01,78.59,returned
710,8,2025-04-28,24.13,completed
711,28,2025-03-02,156.76,returned
712,90,2025-03-23,174.97,completed
713,83,2025-04-25,49.04,pending
714,55,2025-05-06,61.21,completed
715,61,2025-06-13,37.06,returned
716,5,2025-05-13,44.80,shipped
717,74,2025-01-01,56.76,returned
718,79,2025-03-10,179.08,returned
719,86,2025-03-24,22.90,pending
720,16,2025-03-28,28.86,returned
721,43,2025-01-13,123.86,returned
722,86,2025-06-09,145.53,pending
723,38,2025-01-05,84.27,completed
724,53,2025-05-13,174.41,pending
725,82,2025-05-29,179.21,completed
726,92,2025-02-12,112.95,completed
727,77,2025-06-27,163.21,shipped
728,24,2025-04-07,27.88,pending
729,55,2025-03-08,36.10,cancelled
730,32,2025-05-27,123.35,pending
731,61,2025-02-01,103.94,returned
732,19,2025-04-20,186.14,shipped
733,12,2025-01-18,138.03,cancelled
734,46,2025-04-26,170.79,returned
735,9,2025-05-25,73.63,cancelled
736,96,2025-02-03,11.58,returned
737,4,2025-06-22,165.40,cancelled
738,48,2025-01-30,174.17,shipped
739,53,2025-05-01,73.59,shipped
740,29,2025-05-04,140.88,returned
741,95,2025-05-06,30.49,completed
742,29,2025-06-01,108.84,shipped
743,60,2025-01-15,153.70,pending
744,39,2025-01-31,51.13,pending
745,29,2025-02-21,129.18,shipped
746,40,2025-03-14,151.73,completed
747,30,2025-01-17,121.40,shipped
748,10,2025-02-07,173.49,pending
749,96,2025-05-01,40.38,shipped
750,63,2025-02-26,42.55,pending
751,45,2025-03-07,141.73,cancelled
752,4,2025-06-26,170.17,cancelled
753,9,2025-03-16,105.71,cancelled
754,2,2025-01-15,74.10,cancelled
755,31,2025-03-29,108.86,returned
756,7,2025-06-08,92.50,completed
757,16,2025-03-04,23.93,cancelled
758,51,2025-05-28,14.02,shipped
759,44,2025-03-20,87.13,shipped
760,14,2025-01-14,144.15,shipped
761,79,2025-05-26,113.09,returned
762,46,2025-03-29,100.72,returned
763,70,2025-02-13,129.67,pending
764,93,2025-05-08,86.89,returned
765,88,2025-03-27,97.57,completed
766,39,2025-01-01,136.46,completed
767,38,2025-04-20,177.60,cancelled
768,73,2025-04-06,137.79,cancelled
769,73,2025-01-30,168.38,pending
770,56,2025-04-02,116.10,cancelled
771,100,2025-03-29,26.86,shipped
772,2,2025-03-21,86.30,shipped
773,71,2025-03-15,181.13,completed
774,42,2025-04-10,76.27,shipped
775,38,2025-03-25,167.76,returned
776,91,2025-03-18,37.44,completed
777,16,2025-06-25,32.34,shipped
778,71,2025-05-28,171.77,pending
779,9,2025-01-31,189.37,completed
780,26,2025-01-03,176.40,cancelled
781,50,2025-04-08,143.59,returned
782,76,2025-02-08,162.22,completed
783,58,2025-03-10,12.59,shipped
784,28,2025-06-25,113.58,completed
785,54,2025-02-23,86.83,shipped
786,12,2025-02-26,173.81,returned
787,38,2025-02-14,96.00,pending
788,7,2025-04-14,50.75,completed
789,26,2025-02-02,168.85,shipped
790,71,2025-04-21,153.03,completed
791,90,2025-01-20,20.06,returned
792,12,2025-02-18,95.45,shipped
793,82,2025-06-25,28.54,pending
794,25,2025-01-06,26.70,cancelled
795,81,2025-01-14,131.16,cancelled
796,21,2025-05-19,184.22,returned
797,61,2025-05-01,20.77,completed
798,52,2025-06-17,86.36,completed
799,64,2025-01-28,111.07,returned
800,26,2025-05-03,165.03,completed
801,27,2025-03-19,140.50,shipped
802,91,2025-02-03,189.58,completed
803,13,2025-04-27,105.30,completed
804,16,2025-01-06,32.52,returned
805,69,2025-04-11,157.09,completed
806,93,2025-02-04,20.64,cancelled
807,41,2025-01-07,37.29,cancelled
808,9,2025-05-10,123.03,pending
809,45,2025-01-29,74.87,completed
810,25,2025-04-11,50.73,returned
811,7,2025-02-11,61.89,completed
812,38,2025-02-10,64.27,shipped
813,23,2025-03-04,34.26,pending
814,8,2025-01-16,58.78,completed
815,78,2025-04-13,190.37,completed
816,51,2025-04-09,149.46,completed
817,39,2025-04-09,130.84,returned
818,76,2025-01-17,62.02,completed
819,99,2025-01-26,16.61,cancelled
820,26,2025-04-13,177.14,completed
821,88,2025-05-19,184.07,pending
822,61,2025-05-14,72.54,returned
823,51,2025-05-03,44.78,pending
824,11,2025-03-18,120.01,pending
825,83,2025-05-20,98.10,shipped
826,16,2025-02-27,156.36,pending
827,83,2025-04-05,94.33,shipped
828,37,2025-06-15,80.67,completed
829,25,2025-03-16,184.71,returned
830,33,2025-06-06,55.57,shipped
831,80,2025-01-13,106.81,shipped
832,79,2025-02-15,54.40,shipped
833,73,2025-02-21,193.56,shipped
834,9,2025-02-23,149.74,pending
835,20,2025-04-04,191.40,shipped
836,18,2025-02-26,36.74,returned
837,51,2025-04-27,168.84,shipped
838,55,2025-05-01,31.04,shipped
839,44,2025-06-16,145.09,completed
840,18,2025-03-15,44.22,cancelled
841,87,2025-06-26,45.92,completed
842,11,2025-02-17,136.43,shipped
843,54,2025-02-10,145.82,pending
844,49,2025-03-28,76.99,returned
845,75,2025-06-21,24.25,shipped
846,40,2025-04-27,61.57,completed
847,49,2025-06-26,181.03,cancelled
848,2,2025-02-22,28.29,cancelled
849,7,2025-03-18,124.63,shipped
850,78,2025-02-14,189.70,returned
851,35,2025-02-27,50.06,shipped
852,18,2025-06-01,108.88,pending
853,5,2025-02-04,156.42,shipped
854,46,2025-05-31,119.19,returned
855,35,2025-05-15,142.21,pending
856,11,2025-03-16,39.52,cancelled
857,32,2025-02-28,27.44,cancelled
858,53,2025-06-29,53.61,completed
859,19,2025-06-12,191.25,completed
860,75,2025-03-20,173.79,completed
861,37,2025-06-22,66.64,completed
862,73,2025-02-09,107.93,pending
863,28,2025-02-01,195.20,completed
864,95,2025-05-29,40.62,shipped
865,92,2025-06-14,162.39,returned
866,47,2025-05-02,160.64,returned
867,47,2025-06-06,16.15,completed
868,90,2025-01-16,79.40,returned
869,64,2025-06-29,14.97,completed
870,43,2025-04-25,41.18,completed
871,65,2025-04-24,147.38,cancelled
872,8,2025-06-19,100.67,returned
873,84,2025-06-28,27.45,pending
874,87,2025-05-03,26.18,completed
875,98,2025-02-22,111.18,pending
876,16,2025-06-20,40.14,returned
877,91,2025-04-30,166.43,cancelled
878,82,2025-04-11,132.70,completed
879,16,2025-02-09,103.59,returned
880,51,2025-05-06,159.99,returned
881,55,2025-03-25,99.42,pending
882,32,2025-02-28,32.51,shipped
883,68,2025-02-06,126.17,completed
884,3,2025-01-15,37.98,returned
885,100,2025-06-22,150.95,completed
886,65,2025-03-19,71.43,pending
887,88,2025-03-30,124.59,completed
888,35,2025-02-18,32.04,completed
889,62,2025-03-26,32.27,returned
890,48,2025-06-25,117.27,shipped
891,19,2025-05-29,66.90,shipped
892,96,2025-02-08,139.49,returned
893,28,2025-03-08,64.46,pending
894,58,2025-04-10,31.06,shipped
895,12,2025-01-31,36.44,completed
896,16,2025-01-24,181.01,pending
897,21,2025-05-18,33.96,pending
898,12,2025-03-28,96.27,completed
899,23,2025-01-02,170.94,shipped
900,29,2025-02-13,14.67,cancelled
901,36,2025-03-04,195.66,returned
902,45,2025-03-16,184.47,completed
903,22,2025-01-12,186.87,shipped
904,7,2025-01-18,116.91,pending
905,60,2025-06-20,61.91,cancelled
906,71,2025-05-28,31.96,pending
907,67,2025-02-20,11.18,completed
908,56,2025-04-16,181.06,pending
909,75,2025-01-12,81.17,cancelled
910,30,2025-02-19,124.85,cancelled
911,50,2025-03-17,62.29,pending
912,44,2025-01-21,193.32,completed
913,74,2025-02-13,73.88,completed
914,22,2025-02-22,48.92,completed
915,1,2025-02-25,45.50,pending
916,32,2025-05-29,43.34,cancelled
917,30,2025-04-17,28.09,pending
918,51,2025-06-30,27.78,shipped
919,17,2025-06-07,193.87,pending
920,20,2025-06-03,121.85,pending
921,35,2025-06-06,150.24,pending
922,61,2025-03-20,156.47,pending
923,98,2025-05-17,132.62,completed
924,88,2025-06-24,91.66,shipped
925,33,2025-04-06,133.63,cancelled
926,85,2025-05-27,24.16,pending
927,10,2025-06-13,154.66,completed
928,72,2025-01-25,88.36,shipped
929,80,2025-04-15,175.14,cancelled
930,85,2025-06-26,22.14,completed
931,90,2025-01-12,134.12,cancelled
932,22,2025-05-03,180.52,pending
933,15,2025-01-14,122.66,completed
934,92,2025-01-20,101.45,shipped
935,85,2025-03-13,184.00,completed
936,67,2025-02-03,131.89,shipped
937,37,2025-02-06,53.90,pending
938,44,2025-03-29,69.49,pending
939,96,2025-02-21,117.85,returned
940,55,2025-03-08,111.47,completed
941,99,2025-05-25,30.97,completed
942,12,2025-06-06,66.66,completed
943,62,2025-05-02,22.55,returned
944,60,2025-06-28,45.32,shipped
945,13,2025-01-10,12.71,pending
946,80,2025-03-16,157.11,returned
947,54,2025-02-20,140.18,completed
948,57,2025-01-12,20.86,shipped
949,59,2025-01-27,114.59,completed
950,38,2025-01-10,109.77,completed
951,94,2025-02-10,40.29,returned
952,72,2025-03-04,88.33,cancelled
953,77,2025-01-25,104.87,pending
954,14,2025-06-19,131.95,completed
955,20,2025-05-30,36.44,completed
956,83,2025-02-26,157.50,cancelled
957,97,2025-01-07,53.49,pending
958,47,2025-02-15,160.16,shipped
959,41,2025-02-15,130.37,cancelled
960,68,2025-05-04,63.12,pending
961,6,2025-06-26,73.55,returned
962,64,2025-02-03,91.56,pending
963,37,2025-01-14,121.28,cancelled
964,100,2025-01-29,132.44,shipped
965,45,2025-05-23,171.89,completed
966,85,2025-01-27,191.89,returned
967,48,2025-04-16,60.29,completed
968,12,2025-04-26,74.08,shipped
969,8,2025-06-18,138.79,pending
970,45,2025-01-27,152.03,returned
971,87,2025-05-05,140.48,shipped
972,32,2025-03-21,162.34,pending
973,81,2025-01-02,29.21,returned
974,13,2025-04-20,148.39,returned
975,94,2025-04-07,165.89,shipped
976,13,2025-04-12,37.33,pending
977,12,2025-01-20,101.23,shipped
978,85,2025-01-09,111.27,completed
979,95,2025-05-11,54.07,returned
980,46,2025-05-06,192.86,shipped
981,22,2025-02-06,187.73,cancelled
982,23,2025-04-08,105.90,pending
983,85,2025-02-15,95.75,cancelled
984,16,2025-05-25,116.95,pending
985,87,2025-05-30,197.50,shipped
986,93,2025-04-27,10.93,shipped
987,6,2025-05-15,183.13,completed
988,91,2025-02-17,198.31,shipped
989,82,2025-06-25,180.30,completed
990,62,2025-02-19,197.79,cancelled
991,21,2025-02-12,19.09,completed
992,29,2025-06-17,104.82,returned
993,57,2025-01-05,146.83,cancelled
994,99,2025-04-13,195.94,cancelled
995,15,2025-04-20,65.15,pending
996,79,2025-01-18,160.04,pending
997,72,2025-06-25,98.69,shipped
998,75,2025-04-01,178.81,completed
999,93,2025-04-05,167.02,cancelled
1000,13,2025-02-10,133.82,completed
1001,29,2025-05-22,63.61,pending
1002,64,2025-02-27,28.52,pending
1003,13,2025-02-11,199.64,shipped
1004,77,2025-02-21,152.51,cancelled
1005,47,2025-03-14,112.36,shipped
1006,26,2025-06-20,79.51,shipped
1007,23,2025-06-27,171.83,pending
1008,67,2025-03-21,196.76,returned
1009,27,2025-02-01,43.95,completed
1010,100,2025-02-02,33.06,cancelled
1011,93,2025-06-11,82.23,completed
1012,79,2025-02-11,62.07,completed
1013,37,2025-04-15,59.37,returned
1014,52,2025-02-26,192.96,pending
1015,94,2025-04-18,128.51,returned
1016,44,2025-06-17,198.27,completed
1017,87,2025-05-26,39.25,completed
1018,66,2025-03-25,157.84,shipped
1019,42,2025-03-21,166.13,shipped
1020,42,2025-02-02,128.20,shipped
1021,50,2025-05-08,57.98,returned
1022,45,2025-02-09,68.82,pending
1023,89,2025-04-25,124.42,shipped
1024,37,2025-04-15,46.14,completed
1025,56,2025-03-06,122.11,completed
1026,31,2025-04-02,54.40,pending
1027,49,2025-05-26,134.77,completed
1028,85,2025-05-10,12.50,pending
1029,29,2025-04-13,168.74,pending
1030,39,2025-02-22,59.31,cancelled
1031,76,2025-06-27,67.11,shipped
1032,53,2025-02-17,19.24,pending
1033,8,2025-06-13,161.49,cancelled
1034,57,2025-01-31,98.59,completed
1035,73,2025-03-08,23.50,cancelled
1036,93,2025-06-07,161.02,shipped
1037,50,2025-01-17,132.68,shipped
1038,85,2025-02-19,157.66,cancelled
1039,76,2025-01-02,78.81,shipped
1040,40,2025-05-19,34.79,completed
1041,78,2025-02-01,106.75,pending
1042,42,2025-05-14,89.65,shipped
1043,78,2025-05-14,177.76,pending
1044,73,2025-04-12,89.47,shipped
1045,10,2025-01-25,174.09,cancelled
1046,73,2025-03-05,30.78,pending
1047,55,2025-01-23,27.67,cancelled
1048,65,2025-01-27,179.43,returned
1049,30,2025-06-08,128.18,cancelled
1050,44,2025-03-19,56.01,returned
1051,67,2025-01-27,182.78,completed
1052,36,2025-02-13,23.21,pending
1053,10,2025-05-02,129.96,cancelled
1054,16,2025-02-03,26.83,cancelled
1055,11,2025-06-27,176.21,pending
1056,28,2025-01-09,135.35,cancelled
1057,96,2025-05-23,178.42,pending
1058,34,2025-01-14,158.22,completed
1059,5,2025-05-09,175.94,pending
1060,37,2025-01-24,51.91,pending
1061,36,2025-04-23,17.93,cancelled
1062,9,2025-06-26,51.17,shipped
1063,58,2025-06-06,100.04,pending
1064,87,2025-06-12,175.72,completed
1065,77,2025-02-08,165.95,returned
1066,18,2025-06-17,162.44,shipped
1067,78,2025-02-17,32.47,completed
1068,8,2025-06-16,164.72,cancelled
1069,39,2025-01-23,167.57,shipped
1070,6,2025-05-06,15.53,pending
1071,42,2025-06-11,40.80,returned
1072,65,2025-01-03,174.69,completed
1073,53,2025-06-01,106.10,shipped
1074,31,2025-06-04,174.07,shipped
1075,8,2025-04-22,54.49,pending
1076,74,2025-01-06,59.27,cancelled
1077,76,2025-04-30,80.36,returned
1078,21,2025-01-18,45.35,completed
1079,25,2025-01-05,106.49,returned
1080,77,2025-01-24,57.27,shipped
1081,72,2025-05-10,130.29,cancelled
1082,94,2025-06-17,122.48,cancelled
1083,91,2025-02-12,153.16,cancelled
1084,35,2025-05-18,134.91,completed
1085,94,2025-03-14,36.44,returned
1086,13,2025-02-27,176.88,cancelled
1087,45,2025-04-27,29.16,shipped
1088,98,2025-01-15,108.34,returned
1089,80,2025-03-05,184.20,shipped
1090,41,2025-02-19,29.54,pending
1091,62,2025-02-17,184.15,returned
1092,55,2025-04-08,69.59,completed
1093,34,2025-02-21,183.35,shipped
1094,49,2025-03-29,99.61,shipped
1095,62,2025-02-28,151.38,completed
1096,19,2025-02-06,180.33,returned
1097,71,2025-04-28,14.89,pending
1098,30,2025-06-25,185.37,pending
1099,57,2025-04-07,76.08,pending
1100,18,2025-03-08,83.17,returned
1101,92,2025-05-17,157.80,cancelled
1102,92,2025-02-20,160.96,pending
1103,50,2025-06-21,81.52,completed
1104,46,2025-04-04,184.90,completed
1105,70,2025-02-23,168.14,cancelled
1106,21,2025-05-31,51.51,returned
1107,65,2025-05-06,24.14,completed
1108,75,2025-03-19,166.24,completed
1109,41,2025-03-20,163.60,shipped
1110,57,2025-06-08,119.24,completed
1111,41,2025-02-19,51.11,cancelled
1112,27,2025-06-15,198.34,completed
1113,26,2025-01-06,40.52,completed
1114,54,2025-01-08,80.73,returned
1115,13,2025-03-03,71.21,cancelled
1116,33,2025-05-29,127.16,pending
1117,37,2025-02-04,179.02,pending
1118,86,2025-06-22,175.96,completed
1119,31,2025-04-19,167.84,shipped
1120,81,2025-05-12,75.26,shipped
1121,63,2025-05-19,48.47,shipped
1122,63,2025-03-08,16.17,cancelled
1123,97,2025-04-14,46.73,pending
1124,76,2025-06-23,40.40,completed
1125,83,2025-01-24,111.55,returned
1126,84,2025-06-17,127.54,returned
1127,87,2025-01-16,173.20,returned
1128,32,2025-03-02,138.47,completed
1129,88,2025-05-16,112.99,completed
1130,50,2025-05-06,182.97,returned
1131,46,2025-01-30,20.72,cancelled
1132,19,2025-01-25,99.12,returned
1133,24,2025-05-01,186.80,cancelled
1134,9,2025-05-10,191.20,pending
1135,22,2025-04-01,110.26,pending
1136,55,2025-02-27,174.38,shipped
1137,20,2025-01-08,188.30,cancelled
1138,94,2025-03-27,163.76,completed
1139,72,2025-04-25,75.24,returned
1140,89,2025-06-26,152.09,pending
1141,96,2025-04-15,85.48,pending
1142,94,2025-06-12,14.47,returned
1143,24,2025-06-30,48.26,shipped
1144,22,2025-03-28,171.29,pending
1145,4,2025-03-14,180.01,completed
1146,57,2025-04-06,131.82,pending
1147,45,2025-05-10,64.16,completed
1148,85,2025-04-25,154.63,cancelled
1149,91,2025-01-18,107.03,completed
1150,22,2025-01-07,57.33,cancelled
1151,76,2025-06-14,145.73,shipped
1152,33,2025-01-20,180.51,cancelled
1153,19,2025-05-25,75.98,cancelled
1154,40,2025-03-22,102.54,shipped
1155,25,2025-02-08,25.73,shipped
1156,28,2025-04-07,164.57,shipped
1157,70,2025-01-30,68.57,returned
1158,60,2025-03-03,24.15,shipped
1159,46,2025-01-18,85.04,returned
1160,36,2025-03-31,115.20,shipped
1161,74,2025-02-22,20.83,cancelled
1162,50,2025-03-29,16.20,cancelled
1163,44,2025-06-07,189.90,completed
1164,61,2025-06-11,146.82,cancelled
1165,90,2025-01-17,135.10,completed
1166,47,2025-01-10,164.29,shipped
1167,15,2025-03-16,90.26,returned
1168,57,2025-03-02,191.74,pending
1169,3,2025-02-28,70.98,returned
1170,44,2025-06-13,99.45,shipped
1171,13,2025-03-09,29.55,returned
1172,15,2025-06-04,180.90,shipped
1173,69,2025-03-08,12.57,completed
1174,8,2025-01-20,80.04,shipped
1175,6,2025-01-23,195.48,returned
1176,98,2025-03-07,198.75,returned
1177,33,2025-04-27,107.57,cancelled
1178,13,2025-03-29,145.17,completed
1179,34,2025-05-07,83.59,cancelled
1180,99,2025-04-27,199.11,pending
1181,13,2025-06-30,84.46,cancelled
1182,91,2025-02-22,124.32,returned
1183,66,2025-01-09,21.38,shipped
1184,32,2025-02-27,150.61,pending
1185,95,2025-05-09,174.05,cancelled
1186,62,2025-04-15,97.32,completed
1187,93,2025-05-09,79.33,returned
1188,59,2025-04-17,14.11,returned
1189,20,2025-04-08,136.25,pending
1190,60,2025-02-23,46.96,pending
1191,67,2025-03-19,53.22,pending
1192,6,2025-04-25,185.53,cancelled
1193,31,2025-01-17,141.76,pending
1194,9,2025-06-30,99.90,pending
1195,65,2025-05-14,178.98,cancelled
1196,76,2025-05-22,176.40,cancelled
1197,36,2025-02-05,119.59,completed
1198,89,2025-03-06,192.36,completed
1199,13,2025-06-12,90.90,returned
1200,80,2025-06-22,49.32,completed
1201,18,2025-01-30,78.46,shipped
1202,16,2025-06-17,174.70,pending
1203,55,2025-03-23,93.41,pending
1204,31,2025-03-12,97.69,cancelled
1205,57,2025-06-07,139.94,cancelled
1206,60,2025-05-09,162.34,cancelled
1207,41,2025-01-21,176.95,pending
1208,62,2025-06-13,15.94,shipped
1209,20,2025-05-08,29.95,returned
1210,98,2025-02-01,135.90,shipped
1211,78,2025-02-14,80.68,cancelled
1212,27,2025-04-25,181.21,cancelled
1213,30,2025-01-18,82.94,returned
1214,30,2025-03-03,24.74,shipped
1215,65,2025-02-07,165.92,returned
1216,30,2025-03-28,64.30,shipped
1217,99,2025-04-18,108.89,shipped
1218,12,2025-02-11,90.57,cancelled
1219,12,2025-01-02,78.00,cancelled
1220,100,2025-01-12,99.94,shipped
1221,16,2025-03-14,188.30,cancelled
1222,62,2025-02-06,24.04,cancelled
1223,78,2025-02-16,98.07,completed
1224,43,2025-01-16,29.40,completed
1225,3,2025-04-02,184.37,returned
1226,66,2025-01-14,139.33,cancelled
1227,12,2025-04-21,30.37,returned
1228,47,2025-06-14,114.40,pending
1229,87,2025-05-15,106.54,shipped
1230,7,2025-02-22,14.56,returned
1231,4,2025-05-28,95.29,completed
1232,7,2025-01-15,110.29,cancelled
1233,24,2025-01-31,79.70,pending
1234,55,2025-02-24,20.33,cancelled
1235,43,2025-03-29,100.10,cancelled
1236,89,2025-05-29,136.47,shipped
1237,57,2025-01-17,147.18,shipped
1238,39,2025-06-25,100.13,pending
1239,34,2025-01-06,39.88,shipped
1240,44,2025-05-11,46.16,cancelled
1241,35,2025-03-16,152.21,shipped
1242,70,2025-02-05,91.01,shipped
1243,60,2025-01-05,188.85,completed
1244,3,2025-06-24,100.93,completed
1245,63,2025-04-03,74.24,cancelled
1246,61,2025-03-03,86.60,pending
1247,60,2025-01-16,65.89,shipped
1248,64,2025-06-06,150.40,returned
1249,83,2025-05-11,124.84,shipped
1250,78,2025-02-12,73.04,cancelled
1251,36,2025-01-17,107.34,shipped
1252,8,2025-02-13,191.28,pending
1253,19,2025-06-26,182.29,returned
1254,22,2025-04-09,56.41,completed
1255,18,2025-01-19,57.04,completed
1256,82,2025-03-21,153.94,cancelled
1257,39,2025-01-11,123.84,completed
1258,54,2025-03-21,113.45,cancelled
1259,67,2025-04-09,38.58,returned
1260,23,2025-03-04,147.14,completed
1261,9,2025-06-02,175.92,pending
1262,21,2025-05-30,188.39,cancelled
1263,82,2025-04-14,92.60,returned
1264,18,2025-04-24,168.02,shipped
1265,75,2025-05-08,130.59,completed
1266,84,2025-04-25,26.32,pending
1267,1,2025-02-11,115.86,returned
1268,26,2025-01-15,143.31,completed
1269,15,2025-05-03,19.77,returned
1270,20,2025-03-10,173.63,returned
1271,82,2025-04-25,68.45,completed
1272,74,2025-03-26,62.08,cancelled
1273,38,2025-01-20,11.07,cancelled
1274,66,2025-01-03,178.64,cancelled
1275,57,2025-03-04,118.97,returned
1276,99,2025-02-10,124.55,cancelled
1277,48,2025-04-22,24.88,completed
1278,50,2025-05-24,148.85,pending
1279,51,2025-04-25,61.38,completed
1280,73,2025-03-16,194.74,pending
1281,74,2025-05-25,197.10,cancelled
1282,89,2025-05-19,145.47,returned
1283,80,2025-06-01,107.19,completed
1284,82,2025-01-14,177.47,pending
1285,99,2025-06-18,143.80,shipped
1286,57,2025-05-02,196.09,pending
1287,26,2025-02-24,105.69,completed
1288,14,2025-04-20,189.94,completed
1289,67,2025-02-20,149.51,pending
1290,27,2025-02-10,142.33,completed
1291,4,2025-06-26,147.38,completed
1292,80,2025-05-14,40.62,pending
1293,2,2025-04-23,13.50,cancelled
1294,22,2025-06-24,14.76,completed
1295,43,2025-06-10,173.91,cancelled
1296,35,2025-04-15,73.94,pending
1297,32,2025-02-01,102.03,cancelled
1298,15,2025-03-07,161.61,completed
1299,25,2025-02-16,86.09,completed
1300,26,2025-06-11,61.70,completed
1301,13,2025-01-26,57.68,cancelled
1302,6,2025-06-12,41.04,pending
1303,23,2025-02-04,186.53,completed
1304,23,2025-05-26,81.56,completed
1305,24,2025-03-21,149.31,completed
1306,4,2025-04-12,104.98,returned
1307,22,2025-03-04,103.40,shipped
1308,41,2025-05-05,76.31,shipped
1309,71,2025-01-28,102.71,cancelled
1310,46,2025-03-11,48.11,shipped
1311,50,2025-04-18,38.11,completed
1312,55,2025-05-04,81.27,completed
1313,55,2025-01-07,75.16,returned
1314,54,2025-01-21,161.23,pending
1315,18,2025-06-09,74.70,returned
1316,87,2025-05-28,99.27,returned
1317,77,2025-02-01,157.83,shipped
1318,45,2025-03-04,105.74,pending
1319,48,2025-06-08,65.67,returned
1320,72,2025-05-07,34.03,cancelled
1321,60,2025-05-03,57.36,returned
1322,70,2025-01-25,136.27,shipped
1323,82,2025-05-13,56.51,cancelled
1324,37,2025-05-27,193.24,shipped
1325,20,2025-02-09,196.55,pending
1326,65,2025-02-16,30.06,completed
1327,48,2025-01-21,163.94,cancelled
1328,83,2025-03-04,33.31,returned
1329,49,2025-04-17,101.20,returned
1330,40,2025-01-14,169.52,shipped
1331,80,2025-04-13,31.94,completed
1332,86,2025-01-29,181.46,cancelled
1333,57,2025-03-09,194.99,pending
1334,100,2025-02-25,49.53,completed
1335,39,2025-05-23,113.66,completed
1336,55,2025-06-20,10.99,completed
1337,38,2025-05-10,177.70,pending
1338,69,2025-03-25,52.53,shipped
1339,74,2025-03-04,185.92,pending
1340,41,2025-05-30,158.97,pending
1341,89,2025-06-25,128.53,pending
1342,81,2025-01-29,190.96,returned
1343,21,2025-02-10,192.43,completed
1344,24,2025-06-15,49.00,returned
1345,60,2025-01-23,94.96,completed
1346,54,2025-02-22,53.78,shipped
1347,53,2025-05-26,84.69,returned
1348,63,2025-02-04,114.33,shipped
1349,23,2025-05-13,168.37,shipped
1350,54,2025-06-07,78.09,pending
1351,62,2025-05-22,129.65,completed
1352,44,2025-01-26,37.23,pending
1353,2,2025-01-21,198.97,returned
1354,36,2025-02-04,141.98,pending
1355,52,2025-05-17,140.15,returned
1356,17,2025-02-03,119.51,shipped
1357,60,2025-04-04,90.73,returned
1358,88,2025-02-04,13.24,returned
1359,98,2025-01-09,46.82,returned
1360,26,2025-06-02,74.12,shipped
1361,94,2025-01-11,48.70,cancelled
1362,76,2025-05-11,187.17,cancelled
1363,55,2025-02-13,179.51,cancelled
1364,18,2025-05-23,110.23,completed
1365,32,2025-01-23,103.68,pending
1366,51,2025-03-25,37.08,cancelled
1367,55,2025-05-15,89.09,cancelled
1368,73,2025-04-27,179.13,cancelled
1369,32,2025-01-31,55.50,pending
1370,70,2025-05-17,164.69,cancelled
1371,59,2025-03-29,185.85,cancelled
1372,94,2025-06-30,50.92,shipped
1373,77,2025-05-04,23.60,returned
1374,29,2025-02-20,116.45,returned
1375,67,2025-03-09,86.12,cancelled
1376,44,2025-04-27,15.53,returned
1377,3,2025-05-07,145.63,completed
1378,31,2025-02-17,93.41,cancelled
1379,96,2025-04-20,42.22,pending
1380,95,2025-06-01,156.63,pending
1381,49,2025-03-09,106.45,pending
1382,15,2025-03-29,30.31,completed
1383,74,2025-03-14,197.73,returned
1384,100,2025-06-29,182.74,returned
1385,57,2025-01-02,183.38,completed
1386,1,2025-05-18,17.97,pending
1387,58,2025-01-14,73.41,cancelled
1388,2,2025-01-01,165.42,shipped
1389,63,2025-06-17,128.11,pending
1390,41,2025-06-18,169.76,returned
1391,16,2025-02-04,30.42,shipped
1392,59,2025-04-19,78.09,cancelled
1393,67,2025-05-05,127.59,returned
1394,10,2025-06-27,78.57,returned
1395,8,2025-05-27,106.31,cancelled
1396,4,2025-02-27,60.27,completed
1397,45,2025-06-02,172.06,returned
1398,55,2025-06-06,153.25,completed
1399,68,2025-01-23,139.78,pending
1400,83,2025-05-15,157.67,shipped
1401,66,2025-03-08,145.93,pending
1402,28,2025-02-23,37.35,cancelled
1403,2,2025-01-14,165.40,pending
1404,77,2025-06-24,169.84,shipped
1405,24,2025-01-20,160.18,returned
1406,22,2025-06-11,51.45,shipped
1407,77,2025-06-07,63.90,completed
1408,3,2025-01-13,162.49,shipped
1409,5,2025-06-23,161.77,cancelled
1410,48,2025-03-08,172.03,shipped
1411,96,2025-02-21,43.51,completed
1412,71,2025-05-23,63.12,shipped
1413,72,2025-03-07,50.61,cancelled
1414,53,2025-04-25,151.93,pending
1415,60,2025-01-22,189.71,pending
1416,34,2025-01-25,29.98,completed
1417,73,2025-05-27,41.50,shipped
1418,77,2025-04-11,186.51,cancelled
1419,4,2025-01-11,31.75,completed
1420,43,2025-03-22,132.42,returned
1421,21,2025-04-04,78.34,completed
1422,35,2025-05-04,163.21,pending
1423,9,2025-02-06,148.74,cancelled
1424,69,2025-06-23,60.70,pending
1425,29,2025-03-22,119.49,completed
1426,35,2025-03-11,79.95,completed
1427,53,2025-06-20,109.70,returned
1428,47,2025-06-09,97.52,returned
1429,79,2025-06-27,138.33,shipped
1430,59,2025-04-09,147.98,shipped
1431,23,2025-06-16,13.68,cancelled
1432,1,2025-03-10,97.67,pending
1433,93,2025-03-26,60.30,returned
1434,47,2025-02-15,138.21,returned
1435,88,2025-04-13,19.18,cancelled
1436,43,2025-02-01,153.94,shipped
1437,92,2025-02-24,84.20,cancelled
1438,32,2025-05-15,73.84,returned
1439,78,2025-05-25,153.02,cancelled
1440,86,2025-03-10,13.04,cancelled
1441,5,2025-05-19,73.14,pending
1442,19,2025-04-23,123.49,shipped
1443,79,2025-01-25,84.86,pending
1444,34,2025-02-25,96.20,cancelled
1445,76,2025-01-21,86.05,completed
1446,88,2025-04-18,104.07,returned
1447,86,2025-06-04,114.35,cancelled
1448,85,2025-01-02,116.37,shipped
1449,22,2025-01-28,50.40,cancelled
1450,58,2025-06-01,102.78,cancelled
1451,28,2025-05-05,162.26,pending
1452,77,2025-04-02,164.45,completed
1453,44,2025-05-25,145.12,pending
1454,90,2025-03-20,78.32,pending
1455,78,2025-05-25,14.30,shipped
1456,93,2025-02-16,119.43,shipped
1457,67,2025-02-18,177.05,returned
1458,58,2025-04-24,26.57,pending
1459,53,2025-01-13,194.74,cancelled
1460,97,2025-06-09,172.31,completed
1461,7,2025-01-05,73.32,completed
1462,47,2025-06-05,54.49,pending
1463,35,2025-02-26,147.32,pending
1464,34,2025-02-28,66.36,returned
1465,25,2025-01-04,62.45,pending
1466,26,2025-01-23,137.31,returned
1467,4,2025-01-31,175.57,pending
1468,28,2025-01-20,174.92,shipped
1469,52,2025-05-21,184.43,cancelled
1470,46,2025-01-31,20.79,cancelled
1471,17,2025-03-27,152.22,cancelled
1472,36,2025-02-22,21.22,returned
1473,88,2025-06-19,35.82,cancelled
1474,14,2025-05-20,72.25,returned
1475,20,2025-05-26,60.63,pending
1476,43,2025-05-22,149.23,pending
1477,84,2025-01-06,163.52,returned
1478,40,2025-02-28,21.50,pending
1479,55,2025-04-20,67.73,cancelled
1480,95,2025-02-03,97.06,returned
1481,98,2025-04-06,138.81,pending
1482,80,2025-05-06,82.38,cancelled
1483,90,2025-06-07,121.99,returned
1484,11,2025-03-12,65.83,returned
1485,76,2025-03-26,111.61,pending
1486,84,2025-05-25,68.23,returned
1487,67,2025-05-31,102.77,cancelled
1488,33,2025-04-10,45.88,cancelled
1489,71,2025-01-08,79.87,cancelled
1490,48,2025-04-28,110.86,pending
1491,30,2025-02-10,48.09,pending
1492,58,2025-06-13,188.24,shipped
1493,32,2025-05-06,37.14,pending
1494,3,2025-04-19,159.32,cancelled
1495,12,2025-01-31,122.33,completed
1496,89,2025-04-24,49.62,completed
1497,34,2025-02-10,107.94,shipped
1498,83,2025-01-25,35.17,pending
1499,92,2025-04-26,62.89,returned
1500,11,2025-04-23,76.33,completed
1501,17,2025-01-31,18.27,completed
1502,53,2025-02-21,38.64,shipped
1503,66,2025-04-15,97.63,returned
1504,74,2025-03-29,110.45,shipped
1505,84,2025-03-05,79.74,returned
1506,4,2025-04-12,45.99,completed
1507,88,2025-05-18,194.81,returned
1508,65,2025-02-22,127.03,pending
1509,12,2025-03-04,25.84,cancelled
1510,17,2025-02-13,93.53,pending
1511,21,2025-05-25,71.12,shipped
1512,70,2025-06-05,107.23,shipped
1513,60,2025-03-29,168.88,completed
1514,23,2025-04-15,165.46,cancelled
1515,53,2025-02-14,108.39,pending
1516,76,2025-02-15,119.65,pending
1517,91,2025-06-21,19.60,cancelled
1518,71,2025-05-24,113.66,completed
1519,8,2025-01-23,126.76,shipped
1520,19,2025-04-21,110.58,completed
1521,73,2025-02-06,71.03,cancelled
1522,24,2025-01-04,47.36,shipped
1523,33,2025-04-11,130.96,shipped
1524,6,2025-01-26,86.14,returned
1525,75,2025-02-06,87.57,shipped
1526,70,2025-02-09,34.90,shipped
1527,19,2025-05-19,67.35,cancelled
1528,59,2025-06-13,49.73,pending
1529,63,2025-02-12,99.15,shipped
1530,80,2025-04-25,25.88,completed
1531,64,2025-06-15,169.65,cancelled
1532,36,2025-05-07,62.39,cancelled
1533,36,2025-01-19,150.06,returned
1534,96,2025-05-01,41.13,completed
1535,22,2025-03-07,83.54,completed
1536,78,2025-04-23,194.02,completed
1537,65,2025-05-28,67.17,shipped
1538,61,2025-02-03,28.62,shipped
1539,13,2025-03-13,65.34,shipped
1540,36,2025-01-27,28.69,shipped
1541,21,2025-06-11,62.42,returned
1542,62,2025-01-12,115.00,shipped
1543,38,2025-06-19,163.57,shipped
1544,59,2025-04-06,100.27,cancelled
1545,2,2025-05-24,187.56,returned
1546,5,2025-06-11,115.48,returned
1547,1,2025-05-12,196.83,cancelled
1548,70,2025-06-22,75.81,shipped
1549,63,2025-05-21,197.13,returned
1550,13,2025-04-07,78.47,completed
1551,29,2025-06-12,185.80,cancelled
1552,89,2025-03-07,161.21,returned
1553,89,2025-04-28,157.01,pending
1554,31,2025-01-22,164.03,pending
1555,79,2025-02-20,193.67,completed
1556,30,2025-02-12,49.32,shipped
1557,77,2025-05-15,87.29,returned
1558,30,2025-03-23,153.20,completed
1559,85,2025-01-09,26.13,completed
1560,60,2025-02-08,94.55,pending
1561,95,2025-04-20,113.02,shipped
1562,51,2025-05-23,130.07,completed
1563,98,2025-01-26,153.25,shipped
1564,99,2025-03-03,133.40,shipped
1565,39,2025-04-09,74.80,returned
1566,81,2025-06-07,194.67,pending
1567,95,2025-06-19,192.80,returned
1568,43,2025-03-15,112.53,shipped
1569,95,2025-03-25,101.57,cancelled
1570,33,2025-04-22,14.92,completed
1571,59,2025-05-16,57.17,returned
1572,50,2025-02-25,58.69,completed
1573,93,2025-04-21,135.89,pending
1574,41,2025-01-25,95.51,pending
1575,2,2025-02-12,101.59,cancelled
1576,92,2025-03-19,84.57,cancelled
1577,26,2025-05-21,183.42,completed
1578,16,2025-04-07,167.31,cancelled
1579,83,2025-06-17,188.86,completed
1580,4,2025-04-01,105.76,pending
1581,27,2025-04-27,136.82,shipped
1582,18,2025-01-19,38.67,returned
1583,83,2025-06-17,20.55,pending
1584,2,2025-01-16,72.54,cancelled
1585,52,2025-03-28,101.72,returned
1586,64,2025-06-28,96.44,shipped
1587,26,2025-02-19,49.89,pending
1588,40,2025-04-09,103.03,returned
1589,84,2025-06-14,86.33,pending
1590,32,2025-02-27,115.37,shipped
1591,57,2025-06-14,116.28,shipped
1592,73,2025-04-05,46.40,returned
1593,70,2025-01-22,109.10,cancelled
1594,61,2025-02-11,89.89,completed
1595,98,2025-03-06,14.42,pending
1596,38,2025-06-04,181.55,cancelled
1597,30,2025-06-01,132.98,returned
1598,96,2025-05-15,14.75,cancelled
1599,17,2025-02-19,51.27,cancelled
1600,35,2025-01-28,180.27,returned
1601,88,2025-06-05,110.68,shipped
1602,30,2025-04-11,45.40,pending
1603,77,2025-05-25,162.02,pending
1604,2,2025-02-23,62.06,shipped
1605,3,2025-02-20,193.57,cancelled
1606,81,2025-04-15,109.69,completed
1607,38,2025-05-12,151.41,returned
1608,13,2025-02-11,110.79,returned
1609,44,2025-01-26,56.53,returned
1610,55,2025-02-08,171.53,completed
1611,75,2025-01-20,150.62,completed
1612,75,2025-03-12,182.20,pending
1613,21,2025-01-22,85.68,cancelled
1614,71,2025-05-10,109.44,cancelled
1615,48,2025-04-12,137.46,pending
1616,23,2025-06-21,158.15,pending
1617,40,2025-06-27,23.28,cancelled
1618,23,2025-05-30,138.74,returned
1619,72,2025-02-19,74.13,shipped
1620,29,2025-03-31,21.69,shipped
1621,96,2025-05-19,50.19,shipped
1622,74,2025-06-05,95.21,pending
1623,93,2025-03-16,163.31,pending
1624,49,2025-06-18,47.21,shipped
1625,22,2025-06-21,191.59,cancelled
1626,23,2025-04-11,172.63,cancelled
1627,2,2025-03-02,26.11,pending
1628,73,2025-02-11,125.60,pending
1629,43,2025-04-27,73.90,completed
1630,23,2025-05-08,26.68,shipped
1631,34,2025-01-27,85.67,completed
1632,81,2025-02-23,36.25,returned
1633,3,2025-04-07,66.54,cancelled
1634,49,2025-05-30,85.42,shipped
1635,8,2025-06-20,26.38,pending
1636,35,2025-06-03,65.52,returned
1637,60,2025-03-04,96.86,completed
1638,32,2025-04-28,69.05,pending
1639,73,2025-04-08,159.06,pending
1640,83,2025-04-28,42.02,pending
1641,25,2025-01-27,156.61,cancelled
1642,88,2025-03-09,89.43,pending
1643,84,2025-01-01,193.67,pending
1644,87,2025-04-11,109.55,shipped
1645,20,2025-03-26,138.31,returned
1646,34,2025-06-18,103.13,cancelled
1647,15,2025-04-02,101.54,shipped
1648,83,2025-01-16,164.97,cancelled
1649,79,2025-04-27,42.34,cancelled
1650,7,2025-06-14,164.77,completed
1651,42,2025-06-14,114.17,cancelled
1652,53,2025-03-03,90.43,completed
1653,79,2025-04-15,85.21,cancelled
1654,46,2025-02-02,106.94,completed
1655,68,2025-05-11,93.14,returned
1656,70,2025-05-10,42.18,shipped
1657,10,2025-05-05,139.06,pending
1658,35,2025-01-04,34.65,shipped
1659,81,2025-06-11,38.18,cancelled
1660,32,2025-04-10,125.85,completed
1661,24,2025-03-03,178.18,cancelled
1662,96,2025-01-08,173.29,completed
1663,1,2025-02-06,83.21,pending
1664,87,2025-03-09,128.60,completed
1665,83,2025-04-05,81.04,cancelled
1666,61,2025-06-14,159.52,completed
1667,94,2025-02-26,196.95,completed
1668,62,2025-06-02,184.78,returned
1669,73,2025-04-29,75.35,completed
1670,100,2025-05-30,137.32,returned
1671,99,2025-02-22,78.75,cancelled
1672,94,2025-03-23,102.95,pending
1673,53,2025-06-06,73.22,completed
1674,9,2025-02-17,148.27,pending
1675,84,2025-06-07,33.93,returned
1676,99,2025-04-10,165.49,completed
1677,12,2025-03-03,60.50,completed
1678,27,2025-06-29,100.40,shipped
1679,64,2025-04-14,104.07,shipped
1680,32,2025-01-16,42.26,shipped
1681,47,2025-05-08,132.52,pending
1682,80,2025-03-25,26.32,returned
1683,31,2025-05-13,118.85,pending
1684,15,2025-04-13,16.51,pending
1685,69,2025-06-02,165.73,cancelled
1686,29,2025-03-17,113.52,completed
1687,21,2025-04-10,29.53,completed
1688,2,2025-01-26,34.85,cancelled
1689,67,2025-03-27,155.07,returned
1690,41,2025-02-02,180.08,pending
1691,19,2025-05-14,38.48,cancelled
1692,73,2025-02-14,52.90,pending
1693,100,2025-06-07,92.49,returned
1694,74,2025-02-15,89.79,returned
1695,57,2025-03-26,89.89,cancelled
1696,6,2025-02-04,42.42,shipped
1697,13,2025-05-24,17.59,returned
1698,20,2025-02-01,144.61,cancelled
1699,56,2025-02-08,37.21,cancelled
1700,54,2025-01-29,89.92,pending
1701,84,2025-05-26,180.62,completed
1702,55,2025-05-27,43.07,completed
1703,65,2025-04-08,20.92,returned
1704,15,2025-05-27,152.79,shipped
1705,53,2025-02-12,91.81,cancelled
1706,22,2025-05-09,156.38,cancelled
1707,34,2025-02-10,162.88,shipped
1708,27,2025-03-09,82.55,completed
1709,11,2025-05-29,196.82,shipped
1710,25,2025-05-01,174.63,cancelled
1711,25,2025-06-18,196.99,shipped
1712,17,2025-06-01,31.97,cancelled
1713,53,2025-06-23,83.86,completed
1714,11,2025-05-13,169.68,completed
1715,20,2025-03-31,29.87,returned
1716,70,2025-01-31,190.40,shipped
1717,5,2025-01-01,117.32,completed
1718,99,2025-03-18,126.83,completed
1719,14,2025-05-06,10.50,completed
1720,68,2025-03-06,12.19,shipped
1721,78,2025-05-28,149.58,cancelled
1722,92,2025-06-04,30.58,pending
1723,30,2025-02-02,138.34,cancelled
1724,67,2025-04-02,20.82,returned
1725,33,2025-01-05,147.01,completed
1726,45,2025-01-13,153.55,cancelled
1727,21,2025-02-27,111.81,pending
1728,84,2025-06-19,66.37,cancelled
1729,38,2025-02-23,44.98,returned
1730,31,2025-06-19,100.62,shipped
1731,10,2025-02-16,25.49,pending
1732,44,2025-02-27,94.19,pending
1733,48,2025-04-21,33.24,cancelled
1734,81,2025-04-22,67.27,completed
1735,40,2025-04-14,41.40,shipped
1736,63,2025-04-03,30.15,completed
1737,42,2025-06-23,62.49,returned
1738,100,2025-01-25,190.71,returned
1739,66,2025-03-12,43.52,shipped
1740,5,2025-03-31,32.10,pending
1741,13,2025-04-05,97.23,shipped
1742,16,2025-05-30,189.42,pending
1743,62,2025-05-17,148.17,shipped
1744,39,2025-02-24,42.99,completed
1745,80,2025-04-05,161.11,returned
1746,41,2025-02-21,82.97,returned
1747,21,2025-02-10,129.28,pending
1748,65,2025-03-27,161.58,cancelled
1749,87,2025-05-16,182.95,completed
1750,34,2025-04-11,69.26,completed
1751,89,2025-01-25,122.55,returned
1752,23,2025-03-27,190.60,completed
1753,72,2025-03-28,131.78,completed
1754,87,2025-02-28,129.34,shipped
1755,19,2025-06-06,65.57,returned
1756,1,2025-01-21,97.42,cancelled
1757,61,2025-02-03,108.86,pending
1758,21,2025-06-25,57.39,completed
1759,63,2025-04-02,83.86,pending
1760,29,2025-05-20,31.04,shipped
1761,83,2025-04-24,130.05,shipped
1762,16,2025-02-17,86.81,cancelled
1763,83,2025-05-18,14.39,returned
1764,99,2025-06-26,158.98,cancelled
1765,34,2025-04-20,102.56,cancelled
1766,34,2025-06-22,160.65,cancelled
1767,58,2025-02-11,37.61,completed
1768,59,2025-02-12,143.90,completed
1769,61,2025-01-05,25.94,pending
1770,66,2025-05-18,187.78,completed
1771,80,2025-06-13,192.98,returned
1772,37,2025-02-23,52.39,cancelled
1773,23,2025-06-16,106.10,returned
1774,22,2025-05-01,96.81,pending
1775,64,2025-03-08,92.47,pending
1776,16,2025-05-19,55.40,completed
1777,50,2025-06-19,114.33,pending
1778,31,2025-04-22,154.72,completed
1779,7,2025-03-09,43.62,pending
1780,27,2025-02-21,159.42,shipped
1781,73,2025-06-16,87.13,shipped
1782,10,2025-05-01,173.12,shipped
1783,62,2025-05-29,46.34,pending
1784,62,2025-06-27,185.07,returned
1785,97,2025-02-24,196.95,returned
1786,17,2025-06-20,62.25,completed
1787,46,2025-03-17,50.60,cancelled
1788,8,2025-04-29,186.95,cancelled
1789,78,2025-06-13,185.12,pending
1790,11,2025-05-21,194.10,pending
1791,73,2025-02-15,72.59,shipped
1792,49,2025-06-08,128.82,pending
1793,37,2025-05-24,33.46,pending
1794,60,2025-04-06,127.00,completed
1795,28,2025-02-28,172.36,pending
1796,64,2025-05-05,103.04,returned
1797,43,2025-06-09,49.86,shipped
1798,11,2025-05-01,91.24,returned
1799,90,2025-01-24,102.84,returned
1800,90,2025-03-10,24.51,shipped
1801,57,2025-01-25,66.95,shipped
1802,64,2025-03-24,34.28,returned
1803,43,2025-05-29,99.25,returned
1804,64,2025-04-11,47.88,completed
1805,74,2025-01-25,119.93,completed
1806,36,2025-02-17,64.42,cancelled
1807,51,2025-04-19,86.00,shipped
1808,57,2025-05-29,197.54,completed
1809,97,2025-02-21,123.71,cancelled
1810,18,2025-01-09,180.82,shipped
1811,61,2025-02-14,38.08,pending
1812,97,2025-01-15,37.52,pending
1813,31,2025-04-06,137.21,shipped
1814,44,2025-03-14,128.50,returned
1815,70,2025-05-28,91.60,pending
1816,2,2025-02-22,193.58,cancelled
1817,2,2025-01-28,61.30,returned
1818,18,2025-02-11,39.61,returned
1819,56,2025-06-10,52.53,cancelled
1820,6,2025-06-13,149.41,pending
1821,5,2025-03-23,71.88,returned
1822,3,2025-05-11,137.47,shipped
1823,97,2025-02-22,157.81,shipped
1824,77,2025-06-06,54.43,shipped
1825,6,2025-04-21,27.07,cancelled
1826,69,2025-05-01,131.86,returned
1827,75,2025-06-29,64.84,completed
1828,79,2025-01-25,154.11,cancelled
1829,65,2025-03-31,131.79,completed
1830,89,2025-01-20,76.33,completed
1831,43,2025-05-09,180.76,returned
1832,55,2025-05-29,167.40,shipped
1833,41,2025-06-28,106.60,pending
1834,51,2025-05-17,157.34,returned
1835,34,2025-02-17,17.27,cancelled
1836,69,2025-03-06,110.42,pending
1837,24,2025-01-23,183.49,returned
1838,32,2025-06-19,73.11,cancelled
1839,55,2025-02-27,156.47,pending
1840,45,2025-06-22,40.23,returned
1841,76,2025-04-17,106.01,cancelled
1842,18,2025-06-17,179.05,shipped
1843,54,2025-06-10,146.07,cancelled
1844,10,2025-05-06,86.39,cancelled
1845,34,2025-04-12,144.72,pending
1846,42,2025-05-17,154.09,shipped
1847,18,2025-03-23,174.51,completed
1848,33,2025-04-03,78.01,cancelled
1849,49,2025-04-09,31.63,shipped
1850,87,2025-03-08,148.00,shipped
1851,22,2025-05-18,150.68,completed
1852,97,2025-03-02,121.27,returned
1853,16,2025-02-19,98.80,completed
1854,68,2025-01-07,105.90,shipped
1855,86,2025-04-13,101.08,returned
1856,98,2025-01-24,158.50,pending
1857,92,2025-06-26,38.42,pending
1858,6,2025-01-03,36.77,pending
1859,85,2025-01-01,53.17,pending
1860,53,2025-06-22,177.44,returned
1861,80,2025-03-24,131.62,returned
1862,98,2025-04-03,191.91,pending
1863,87,2025-05-29,169.18,completed
1864,45,2025-02-17,54.97,pending
1865,49,2025-04-20,53.85,completed
1866,38,2025-05-21,12.94,cancelled
1867,10,2025-04-11,43.69,cancelled
1868,34,2025-04-23,121.63,completed
1869,38,2025-05-17,165.65,shipped
1870,53,2025-04-01,48.65,completed
1871,96,2025-06-08,170.63,completed
1872,37,2025-01-22,150.92,returned
1873,15,2025-04-15,119.17,pending
1874,17,2025-01-12,23.98,completed
1875,77,2025-01-19,25.61,returned
1876,9,2025-01-06,195.25,shipped
1877,43,2025-04-05,190.93,returned
1878,87,2025-02-12,19.67,cancelled
1879,50,2025-03-23,54.79,returned
1880,24,2025-01-04,139.74,pending
1881,9,2025-04-21,75.45,cancelled
1882,34,2025-01-19,79.62,cancelled
1883,77,2025-05-28,173.39,completed
1884,10,2025-06-25,190.86,completed
1885,23,2025-03-24,61.61,pending
1886,65,2025-06-17,195.37,completed
1887,67,2025-01-29,17.51,returned
1888,72,2025-04-22,41.93,returned
1889,84,2025-05-29,161.18,pending
1890,65,2025-03-26,25.90,returned
1891,87,2025-04-18,64.27,returned
1892,48,2025-02-04,149.89,shipped
1893,32,2025-01-31,87.41,completed
1894,9,2025-03-24,97.48,shipped
1895,75,2025-01-13,29.35,completed
1896,72,2025-03-19,58.42,shipped
1897,82,2025-03-07,147.44,shipped
1898,81,2025-04-13,113.35,returned
1899,13,2025-03-04,35.51,shipped
1900,72,2025-06-21,119.94,returned
1901,36,2025-05-18,141.33,returned
1902,92,2025-01-01,30.98,returned
1903,52,2025-02-20,63.96,completed
1904,52,2025-03-19,187.87,shipped
1905,31,2025-05-13,122.07,returned
1906,66,2025-02-24,80.96,returned
1907,87,2025-01-04,179.25,cancelled
1908,41,2025-01-09,47.29,shipped
1909,35,2025-03-05,193.79,returned
1910,63,2025-06-12,18.99,pending
1911,11,2025-04-30,38.14,completed
1912,77,2025-05-23,89.24,shipped
1913,86,2025-02-10,167.15,shipped
1914,43,2025-01-18,40.67,shipped
1915,75,2025-03-03,132.57,shipped
1916,69,2025-05-03,58.72,completed
1917,15,2025-02-15,118.44,shipped
1918,44,2025-01-04,115.80,returned
1919,66,2025-01-13,170.46,pending
1920,4,2025-01-11,98.73,completed
1921,96,2025-04-07,16.53,cancelled
1922,6,2025-01-16,174.78,returned
1923,4,2025-04-03,158.44,shipped
1924,80,2025-04-09,182.18,shipped
1925,4,2025-06-23,167.85,cancelled
1926,4,2025-05-15,54.07,returned
1927,66,2025-03-21,163.15,completed
1928,8,2025-03-10,167.22,pending
1929,91,2025-03-08,129.13,shipped
1930,57,2025-02-03,106.38,pending
1931,22,2025-05-05,58.95,completed
1932,60,2025-04-17,147.23,completed
1933,27,2025-05-28,82.00,completed
1934,75,2025-05-28,182.71,completed
1935,57,2025-06-25,162.43,completed
1936,48,2025-04-13,184.02,returned
1937,29,2025-02-09,135.15,returned
1938,12,2025-04-01,43.36,returned
1939,73,2025-04-22,68.59,returned
1940,43,2025-01-04,191.82,pending
1941,7,2025-03-13,172.06,cancelled
1942,16,2025-03-04,105.77,shipped
1943,52,2025-02-04,131.50,completed
1944,18,2025-03-19,165.68,pending
1945,72,2025-06-29,58.52,completed
1946,37,2025-05-08,122.23,shipped
1947,52,2025-03-20,84.54,shipped
1948,16,2025-05-31,20.53,cancelled
1949,43,2025-05-23,133.34,shipped
1950,84,2025-04-24,56.61,shipped
1951,14,2025-01-28,68.51,cancelled
1952,55,2025-05-18,196.27,returned
1953,29,2025-03-29,17.16,shipped
1954,69,2025-06-27,171.04,completed
1955,3,2025-04-21,146.32,returned
1956,73,2025-05-27,195.67,returned
1957,19,2025-05-14,24.19,pending
1958,15,2025-06-28,199.81,shipped
1959,75,2025-04-03,59.62,cancelled
1960,86,2025-03-06,98.70,cancelled
1961,93,2025-03-02,83.94,completed
1962,41,2025-05-23,110.10,shipped
1963,31,2025-05-22,97.13,returned
1964,64,2025-03-24,198.55,returned
1965,60,2025-06-21,63.98,returned
1966,56,2025-03-28,102.02,shipped
1967,46,2025-05-13,108.04,pending
1968,84,2025-01-21,135.22,returned
1969,98,2025-06-19,95.93,completed
1970,39,2025-05-18,121.72,completed
1971,65,2025-03-11,93.89,completed
1972,88,2025-02-14,43.60,completed
1973,99,2025-06-27,47.57,completed
1974,6,2025-02-19,74.50,cancelled
1975,36,2025-01-21,25.22,completed
1976,71,2025-06-21,70.86,completed
1977,54,2025-04-19,67.96,returned
1978,55,2025-05-04,198.17,shipped
1979,12,2025-03-10,154.70,returned
1980,65,2025-05-09,23.81,completed
1981,87,2025-04-24,103.11,shipped
1982,92,2025-02-20,173.50,cancelled
1983,90,2025-04-24,15.67,pending
1984,23,2025-06-26,152.88,cancelled
1985,15,2025-04-18,193.07,returned
1986,7,2025-02-07,16.05,shipped
1987,15,2025-03-09,178.45,returned
1988,21,2025-06-27,91.67,completed
1989,61,2025-01-19,15.12,shipped
1990,40,2025-04-21,92.84,completed
1991,1,2025-02-13,112.44,pending
1992,15,2025-03-03,38.61,cancelled
1993,8,2025-01-03,163.30,completed
1994,61,2025-04-25,107.99,completed
1995,96,2025-01-25,129.23,completed
1996,24,2025-04-20,37.01,returned
1997,57,2025-04-01,17.31,completed
1998,15,2025-01-31,31.66,shipped
1999,14,2025-06-19,27.15,completed
2000,44,2025-06-28,61.50,returned
2001,52,2025-05-06,72.60,returned
2002,100,2025-02-04,86.20,cancelled
2003,29,2025-04-01,99.83,shipped
2004,76,2025-01-01,173.33,completed
2005,65,2025-06-02,146.34,shipped
2006,7,2025-05-15,98.01,pending
2007,25,2025-01-13,96.97,returned
2008,98,2025-03-05,152.32,pending
2009,6,2025-05-23,159.57,shipped
2010,51,2025-05-04,135.00,pending
2011,40,2025-01-30,149.57,returned
2012,55,2025-01-11,46.72,returned
2013,79,2025-03-28,105.19,completed
2014,97,2025-06-04,145.62,completed
2015,10,2025-03-06,56.20,completed
2016,52,2025-01-20,129.83,shipped
2017,5,2025-05-03,54.85,shipped
2018,91,2025-03-26,65.96,cancelled
2019,72,2025-04-18,32.28,completed
2020,83,2025-02-10,32.27,cancelled
2021,65,2025-03-23,63.52,completed
2022,22,2025-04-13,186.72,cancelled
2023,95,2025-04-26,56.25,pending
2024,96,2025-06-04,120.73,cancelled
2025,12,2025-02-16,124.97,returned
2026,40,2025-06-13,186.15,shipped
2027,64,2025-04-02,55.30,returned
2028,86,2025-02-27,15.73,shipped
2029,88,2025-06-13,33.32,returned
2030,80,2025-04-03,195.44,shipped
2031,73,2025-02-27,14.50,shipped
2032,49,2025-04-13,68.07,completed
2033,92,2025-01-29,110.33,cancelled
2034,100,2025-03-29,72.45,shipped
2035,89,2025-03-25,71.30,pending
2036,99,2025-06-12,58.94,pending
2037,6,2025-04-21,41.39,returned
2038,22,2025-05-03,38.04,completed
2039,81,2025-03-06,78.59,cancelled
2040,29,2025-04-05,18.60,pending
2041,21,2025-05-25,68.29,returned
2042,84,2025-05-27,144.69,returned
2043,83,2025-02-22,17.07,pending
2044,50,2025-06-02,178.46,cancelled
2045,45,2025-04-29,51.34,cancelled
2046,21,2025-05-01,141.36,shipped
2047,52,2025-05-12,76.90,shipped
2048,83,2025-03-03,129.64,cancelled
2049,48,2025-03-26,10.89,shipped
2050,24,2025-02-22,183.71,pending
2051,21,2025-06-20,32.06,shipped
2052,64,2025-01-05,133.26,cancelled
2053,77,2025-05-20,140.94,shipped
2054,55,2025-04-09,149.78,pending
2055,25,2025-03-18,11.01,shipped
2056,91,2025-01-19,173.41,shipped
2057,84,2025-05-07,38.47,cancelled
2058,75,2025-04-06,121.26,completed
2059,55,2025-05-07,37.29,returned
2060,10,2025-04-03,54.42,shipped
2061,95,2025-06-18,23.62,pending
2062,29,2025-04-19,68.83,shipped
2063,86,2025-01-18,73.96,pending
2064,99,2025-03-17,69.33,returned
2065,26,2025-02-28,83.08,cancelled
2066,40,2025-01-17,68.15,cancelled
2067,13,2025-01-12,11.68,pending
2068,46,2025-04-07,12.47,cancelled
2069,18,2025-04-15,85.97,cancelled
2070,41,2025-06-14,43.37,returned
2071,9,2025-03-04,14.80,completed
2072,82,2025-06-21,10.70,cancelled
2073,94,2025-01-29,125.28,pending
2074,60,2025-01-12,103.37,returned
2075,54,2025-05-31,139.28,returned
2076,20,2025-01-20,184.69,cancelled
2077,41,2025-06-17,45.82,returned
2078,50,2025-02-22,73.50,returned
2079,92,2025-04-09,34.97,pending
2080,58,2025-01-21,31.03,cancelled
2081,83,2025-03-07,81.22,completed
2082,33,2025-05-02,47.16,completed
2083,22,2025-02-03,53.43,cancelled
2084,16,2025-05-22,142.03,pending
2085,88,2025-04-28,116.61,shipped
2086,93,2025-03-08,124.55,shipped
2087,26,2025-06-22,178.53,completed
2088,53,2025-03-23,172.92,shipped
2089,16,2025-05-05,93.44,shipped
2090,16,2025-04-14,15.09,pending
2091,65,2025-02-27,181.32,completed
2092,79,2025-05-08,22.69,pending
2093,7,2025-04-27,196.42,cancelled
2094,48,2025-04-26,58.41,completed
2095,86,2025-05-01,19.84,cancelled
2096,68,2025-02-14,151.30,shipped
2097,14,2025-03-22,36.34,shipped
2098,80,2025-04-28,183.54,returned
2099,34,2025-06-21,173.80,returned
2100,58,2025-05-15,128.77,shipped
2101,70,2025-07-03,141.10,cancelled
2102,19,2025-07-11,191.59,returned
2103,75,2025-07-22,193.43,returned
2104,29,2025-07-20,176.97,pending
2105,100,2025-07-26,166.62,shipped
2106,50,2025-07-09,46.75,pending
2107,15,2025-07-08,158.09,returned
2108,28,2025-07-15,110.47,returned
2109,3,2025-07-11,111.49,pending
2110,61,2025-07-12,120.65,pending
2111,3,2025-07-27,53.75,completed
2112,84,2025-07-30,88.13,cancelled
2113,11,2025-07-25,90.31,completed
2114,23,2025-07-22,153.66,returned
2115,31,2025-07-08,191.43,cancelled
2116,64,2025-07-26,112.86,returned
2117,10,2025-07-04,104.19,returned
2118,28,2025-07-31,20.97,completed
2119,76,2025-07-26,154.81,pending
2120,45,2025-07-08,138.16,pending
2121,98,2025-07-28,114.87,completed
2122,50,2025-07-30,85.94,completed
2123,85,2025-07-04,94.64,pending
2124,59,2025-07-05,62.52,completed
2125,91,2025-07-05,83.09,returned
2126,68,2025-07-07,154.06,completed
2127,3,2025-07-24,176.53,returned
2128,16,2025-07-04,178.28,cancelled
2129,52,2025-07-16,180.13,pending
2130,4,2025-07-24,185.26,returned
2131,75,2025-07-24,69.75,cancelled
2132,4,2025-07-17,169.42,cancelled
2133,3,2025-07-08,157.79,shipped
2134,30,2025-07-03,177.41,cancelled
2135,33,2025-07-01,100.14,completed
2136,10,2025-07-19,180.86,pending
2137,27,2025-07-27,115.84,completed
2138,100,2025-07-20,137.69,pending
2139,42,2025-07-05,72.82,shipped
2140,35,2025-07-18,101.96,pending
2141,22,2025-07-18,57.79,shipped
2142,74,2025-07-23,135.65,completed
2143,97,2025-07-07,199.61,cancelled
2144,78,2025-07-30,54.28,completed
2145,35,2025-07-03,158.90,shipped
2146,35,2025-07-08,111.74,completed
2147,85,2025-07-03,109.95,pending
2148,15,2025-07-02,78.90,returned
2149,14,2025-07-27,196.85,completed
2150,43,2025-07-22,91.24,shipped
2151,2,2025-08-12,130.39,cancelled
