EmployeeNumber,DailyRate,HourlyRate,MonthlyRate,MonthlyIncome,PercentSalaryHike
1,1102,94,19479,5993,11
2,279,61,24907,5130,23
4,1373,92,2396,2090,15
5,1392,56,23159,2909,11
7,591,40,16632,3468,12
8,1005,79,11864,3068,13
10,1324,81,9964,2670,20
11,1358,67,13335,2693,22
12,216,44,8787,9526,21
13,1299,94,16577,5237,13
14,809,84,16479,2426,13
15,153,49,12682,4193,12
16,670,31,15170,2911,17
18,1346,93,8758,2661,11
19,103,50,12947,2028,14
20,1389,51,10195,9980,11
21,334,80,15053,3298,12
22,1123,96,7324,2935,13
23,1219,78,22021,15427,16
24,371,45,4306,3944,11
26,673,96,8232,4011,18
27,1218,82,6986,3407,23
28,419,53,21293,11994,11
30,391,96,19281,1232,14
31,699,83,17102,2960,11
32,1282,58,10735,19094,11
33,1125,72,4681,3919,22
35,691,48,21173,6825,11
36,477,42,2094,10248,14
38,705,83,22822,18947,12
39,924,78,6670,2496,11
40,1459,41,19121,6465,13
41,125,83,16117,2206,13
42,895,56,3335,2086,14
45,813,61,3020,2293,16
46,1273,72,21923,2645,12
47,869,86,3810,2683,14
49,890,97,9687,2014,13
51,852,82,13072,3419,14
52,1141,42,3193,5376,19
53,464,75,10910,1951,12
54,1240,33,19715,2341,13
55,1357,48,10558,2293,12
56,994,37,2975,8726,15
57,721,58,10781,4011,23
58,1360,49,16280,19545,12
60,1065,72,10034,4568,20
61,408,73,10227,3022,21
62,1211,98,20445,5772,21
63,1229,36,4892,2269,19
64,626,98,19294,5381,13
65,1434,50,11179,3441,13
68,1488,75,4009,5454,21
70,1097,79,8302,9884,13
72,1443,47,21436,4157,19
73,515,98,15146,13458,12
74,853,71,11031,9069,22
75,1142,30,16002,4014,15
76,655,48,9528,5915,22
77,1115,51,2689,5993,18
78,427,33,10877,6162,22
79,653,50,5456,2406,11
80,989,43,16701,18740,12
81,1435,99,2354,7637,11
83,1223,59,8202,10096,13
84,836,33,19730,14756,14
85,1195,95,22656,6499,13
86,1339,59,18787,9724,17
88,664,79,5868,2194,13
90,318,79,21777,3388,17
91,1225,57,24668,5473,11
94,1328,76,4956,2703,23
95,1082,87,18775,2501,17
96,548,66,7346,6220,17
97,132,55,22002,3038,12
98,746,61,20682,4424,23
100,776,32,23016,4312,14
101,193,52,15067,13245,14
102,397,30,25258,13664,13
103,945,80,10425,5021,22
104,852,55,15998,5126,12
105,1214,30,26278,2859,18
106,111,70,18092,10239,14
107,573,79,15717,5329,12
110,1153,94,17736,4325,15
112,1400,49,21698,7260,11
113,541,62,9518,2322,13
116,432,96,18725,2075,23
117,288,99,15830,4152,19
118,669,64,13596,9619,16
119,530,78,14115,13503,22
120,632,71,8423,5441,22
121,1334,63,19760,5209,12
124,638,40,3142,10673,13
125,1093,87,24301,5010,16
126,1217,60,24001,13549,12
128,1353,33,17519,4999,21
129,120,43,8863,4221,15
131,682,37,24409,13872,13
132,489,67,25043,2042,12
133,807,63,23648,2073,22
134,827,71,15178,2956,13
137,871,66,19783,2926,18
138,665,41,12482,4809,14
139,1040,100,15850,5163,14
140,1420,32,21922,18844,21
141,1115,73,9755,18172,19
142,240,46,26959,5744,11
143,1280,64,26897,2889,11
144,534,59,23785,2871,15
145,1456,30,25796,7484,20
147,658,66,22887,6074,24
148,142,30,13871,17328,12
150,1127,52,13257,2774,12
151,1031,45,15000,4505,15
152,1189,87,14506,7428,12
153,1354,45,5615,11631,12
154,1467,92,22952,9738,14
155,922,39,2561,2835,22
158,394,92,19494,16959,12
159,1312,96,22310,2613,25
160,750,95,15480,6146,13
161,441,72,4510,4963,18
162,684,51,6462,19537,13
163,249,76,20739,6172,18
164,841,46,23300,2368,19
165,147,94,3465,10312,12
167,528,50,26820,1675,19
169,594,100,19299,2523,14
170,470,96,5549,6567,14
171,957,72,16090,4739,12
174,809,77,6645,9208,11
175,542,71,24788,4559,11
176,802,96,21196,8189,13
177,1355,61,8916,2942,23
178,216,84,2819,4941,20
179,1150,53,25150,10650,15
182,1329,47,14590,5902,14
183,959,41,24835,8639,18
184,1240,48,13982,6347,19
190,1033,41,10224,4200,22
192,1316,83,9752,3452,13
193,364,32,2302,4317,20
194,438,75,23910,2632,14
195,689,35,22812,4668,17
197,201,84,10415,3204,14
198,1427,35,11162,2720,13
199,857,91,12888,17181,13
200,933,94,6961,2238,21
201,1181,79,16102,1483,14
202,1395,54,8504,5605,11
204,662,94,11439,7295,13
205,1436,34,16047,2306,20
206,194,60,10901,2348,18
207,967,43,15589,8998,14
208,1496,41,26283,4319,13
211,1169,34,13983,6132,17
214,1145,75,11873,3346,20
215,630,67,8552,10855,11
216,303,75,11314,2231,18
217,1256,80,11992,2323,24
218,691,57,5970,2024,18
221,440,42,6672,2713,11
223,334,83,23402,9439,16
224,1450,79,25326,2566,15
226,1452,53,17053,19926,15
227,465,56,4609,2451,12
228,1339,41,8053,9419,12
230,702,59,12930,8686,22
231,120,43,12430,3038,20
233,1157,51,13364,3058,16
235,602,100,20989,2325,21
238,1480,30,15062,2088,12
239,111,66,11012,3072,11
240,1268,30,6319,5006,11
241,713,67,13939,4257,18
242,134,90,10515,2500,14
243,303,47,9241,1102,22
244,526,92,2137,10453,25
245,1380,75,6319,2288,12
246,140,95,6984,3929,23
247,629,95,5711,2311,15
248,1356,70,21728,3140,22
249,328,86,3425,3690,15
250,1084,57,26250,4450,11
252,931,72,4673,2756,13
253,989,46,6499,19033,14
254,692,61,13339,18722,11
256,1069,45,14074,9547,17
258,313,98,7192,13734,18
259,699,65,5678,19999,14
260,894,99,11781,2279,16
261,556,50,15497,5916,13
262,1344,37,5228,2089,14
264,1195,65,20462,16792,23
267,290,65,22977,3564,12
269,138,37,15986,4425,11
270,926,36,16439,5265,16
271,1261,88,7259,6553,14
273,1084,54,4185,6261,18
274,472,60,9679,4298,19
275,1002,92,23793,6804,15
277,878,43,5972,3815,17
281,905,99,16523,2741,15
282,1180,70,11354,6673,19
283,121,35,24525,7639,22
284,1136,60,12392,2328,16
286,635,73,7703,2153,13
287,1151,63,14242,4876,14
288,644,97,12368,9396,16
291,1045,32,25812,10400,11
292,829,88,20925,8474,22
293,1242,90,12916,9981,14
296,1469,81,15736,12490,16
297,1005,88,8556,2657,11
298,896,75,14674,13591,18
299,334,52,22967,6696,15
300,992,85,19757,2058,14
302,1052,57,16840,8865,12
303,1147,52,17011,5940,14
304,1396,62,9945,5914,16
305,147,47,13248,2622,21
306,663,47,10056,12185,14
307,119,76,9647,10609,12
308,979,90,4381,4345,12
309,142,70,8456,2177,17
311,319,41,2539,2793,17
312,1413,42,6599,7918,14
314,944,92,9096,8789,14
315,896,86,14961,2389,13
316,1323,89,3300,3212,15
319,532,58,4933,19232,11
321,818,52,25657,2267,17
323,854,68,24118,19517,11
325,813,58,22149,2436,13
327,1034,80,7744,16064,22
328,465,39,21509,2707,20
329,771,79,21030,19068,18
330,1401,56,20990,3931,11
331,515,62,9571,3730,14
332,1431,96,15417,2232,14
333,976,100,12069,4465,18
334,1411,36,19877,3072,16
335,1300,62,24447,3319,17
336,252,70,15970,19202,11
337,1327,73,13523,13675,12
338,832,63,14776,2911,13
339,470,84,23687,5957,13
340,1017,83,18697,3920,14
341,1199,77,5118,6434,17
342,504,61,22573,10048,11
343,505,64,6420,10938,25
346,665,60,22673,2340,19
347,916,82,23016,6545,13
349,1247,45,10732,6931,14
350,685,62,7505,4898,12
351,269,56,8007,2593,11
352,1416,49,5949,19436,19
353,833,96,23231,2723,11
355,307,71,11652,3479,11
359,1311,100,26062,2794,20
361,1327,39,19682,5249,18
362,128,84,19737,2176,13
363,488,75,14977,16872,12
364,529,79,14935,3485,11
366,1210,78,3687,6644,19
367,1463,64,14408,5582,21
369,675,85,18384,4000,12
372,1385,79,7501,13496,14
373,1403,47,20251,3210,11
374,452,81,18938,19045,14
376,666,88,10268,11849,12
377,1158,94,2613,2070,23
378,228,98,22825,6502,14
379,996,100,10531,3230,17
380,728,80,11677,13603,18
381,1315,71,19100,11996,18
382,322,44,19191,5605,24
384,1479,84,26767,6397,20
385,797,96,15815,19144,14
386,1070,45,21016,17584,16
387,635,99,24532,4907,25
388,442,44,20260,4554,18
389,147,37,15972,5415,19
390,496,60,22722,4741,13
391,1372,42,15881,2115,12
392,920,43,19920,3161,22
393,688,82,18899,5745,14
394,1449,45,14180,2373,13
395,1117,66,4488,3310,21
396,636,35,25594,18665,11
397,506,30,26285,4485,12
399,444,84,3909,2789,11
401,950,48,8450,5828,12
403,889,53,11411,2326,12
404,555,77,14864,13525,14
405,230,54,25233,1420,13
406,1232,96,5100,8020,15
407,566,81,7122,3688,18
408,1302,84,16321,5482,18
410,334,88,15896,16015,19
411,812,69,9724,1200,12
412,1476,68,4824,5661,19
416,218,100,12241,6929,11
417,1132,48,10942,9613,17
419,1105,47,6927,5674,15
420,906,91,16985,5484,14
421,849,81,26707,12061,17
422,390,32,17056,5660,13
423,691,86,10077,4821,12
424,106,62,17822,6410,12
425,1249,97,20308,5210,18
426,192,32,7747,2695,18
428,553,74,23364,11878,11
429,117,99,5355,17068,14
430,185,33,10675,2455,19
431,1091,90,17810,13964,12
433,723,85,17747,4941,15
434,1220,85,20938,2478,12
436,588,65,24624,5228,11
437,1377,74,5242,4478,11
438,691,73,7143,7547,12
439,1018,74,10557,5055,16
440,1157,84,24737,3464,13
441,1275,64,11934,5775,13
442,798,48,14034,8943,24
444,672,54,21141,19272,15
445,1162,41,17778,5238,18
446,508,46,4317,4682,14
447,1482,42,16375,18300,11
448,559,82,6227,5257,11
449,210,73,22107,6349,13
450,928,31,16885,4869,12
451,1001,43,9262,9985,16
452,549,75,9278,3697,14
453,1124,57,13273,7457,22
454,318,77,4759,2119,11
455,738,30,7621,3983,17
456,570,30,5431,6118,13
458,1130,56,3415,6214,18
460,1192,61,23177,6347,16
461,343,92,15682,11510,14
462,1232,39,25713,7143,14
463,144,39,11866,8268,14
464,1296,62,18264,8095,13
465,1309,83,16092,2904,12
466,483,95,10110,6032,15
467,1309,99,25751,2976,19
468,810,44,15901,15992,14
469,746,61,16928,4649,14
470,544,52,24017,2696,11
471,1062,75,3956,2370,13
473,530,91,23978,12504,21
474,1319,51,17001,5974,13
475,641,85,6069,4736,12
476,933,57,20156,5296,17
477,1332,98,17078,6781,23
478,756,99,9150,2174,11
479,845,45,15276,6653,15
481,541,48,7246,9699,11
482,593,88,2967,6755,11
483,1171,46,22495,2213,13
484,895,39,2851,2610,24
485,350,34,9150,2851,13
486,921,98,17663,3452,20
487,1144,30,16044,5258,14
488,143,56,9558,9355,18
491,1046,100,2755,10496,15
492,575,68,6110,6380,12
493,408,42,7551,2657,16
494,156,90,25422,2716,15
495,1283,54,18168,2201,16
496,755,97,19394,6540,19
497,1469,82,17881,3816,11
498,304,92,20750,5253,16
499,1261,31,12066,10965,24
500,1178,87,14862,4936,11
501,329,96,11868,2543,13
502,1362,67,4652,5304,13
505,1311,97,23258,16659,13
507,1371,77,5915,4260,12
508,202,72,17434,2476,18
510,575,73,6582,3102,22
511,253,43,24440,2244,13
513,164,61,3809,7596,13
514,464,40,3427,2285,23
515,1107,95,26914,3034,12
516,759,46,22553,5715,12
517,201,95,20490,2576,16
518,1305,49,21123,4197,12
520,982,59,4345,14336,11
521,555,78,13436,3448,22
522,821,86,8509,19406,11
523,1381,72,12740,6538,15
524,480,31,4156,4306,12
525,313,61,15238,2258,20
526,1473,74,2227,4522,14
527,891,99,12090,4487,11
529,1063,72,23866,4449,15
530,329,98,16193,2218,12
531,1218,52,8213,19197,14
532,906,86,18256,13212,11
533,1082,83,19558,6577,11
534,645,49,19566,8392,16
536,1300,79,13535,4558,12
538,688,91,9396,4031,13
543,319,39,19609,7969,14
544,192,69,9655,2654,21
546,1490,30,10310,16555,13
547,532,92,12932,4556,11
548,317,43,24793,6091,20
549,422,41,3854,19566,11
550,1485,87,26314,4810,14
551,1368,88,4386,4523,11
554,1448,62,21972,3202,16
555,296,33,12253,2351,16
556,1490,42,12106,1702,23
558,1398,79,13022,18041,14
560,1349,90,3032,2886,22
562,1400,53,16734,2097,15
564,986,93,21526,11935,18
565,408,71,18300,2546,16
566,489,52,18437,2564,12
567,1398,69,2890,8412,11
568,210,56,22102,14118,12
569,1099,88,9314,17046,15
571,1116,49,7181,2564,14
573,1499,80,2845,10266,19
574,983,65,7389,5070,13
575,1009,51,2288,17861,13
577,144,46,19225,4230,15
578,548,42,23428,3780,11
579,1303,62,8416,2768,12
580,1125,94,11563,9071,19
581,1274,33,14394,10648,25
582,1277,56,24619,13610,12
584,587,38,6705,3408,13
585,413,57,18398,2983,14
586,1276,72,14295,7632,12
587,534,66,22908,9824,12
590,988,43,11533,9950,15
591,1474,97,9260,2093,17
592,635,32,15318,9980,14
593,1368,99,9129,3894,16
595,163,37,19658,4051,14
597,1117,83,9873,16835,23
599,267,56,13430,6230,14
600,619,85,18659,4717,11
601,302,75,20364,13237,15
602,443,48,17872,3755,11
604,828,77,8346,6582,13
605,319,56,6950,7406,21
606,561,61,16177,4805,19
608,426,58,22808,2741,11
611,232,34,22645,4262,12
612,922,95,22578,16184,19
613,688,44,25291,11557,21
614,1306,69,8059,1878,14
615,1094,58,11373,10932,15
616,509,62,2112,6811,17
618,775,45,4267,4306,12
620,195,80,6698,4859,16
621,258,74,19921,5337,12
622,471,66,23213,2340,18
623,799,59,23848,7491,17
624,1034,86,8984,10527,11
625,1276,91,5626,16595,16
626,142,69,24666,8834,13
630,956,78,22087,5577,12
631,1474,60,23914,4707,12
632,535,38,5530,2400,13
634,1495,76,22174,9824,19
635,446,65,15701,6447,12
638,1245,58,2125,19502,17
639,691,89,21630,2725,11
641,703,66,7428,6272,20
643,823,94,9100,2127,21
644,1246,99,7999,18200,11
645,622,40,26376,2096,11
647,1287,55,14168,2886,16
648,448,74,14470,2033,18
649,254,83,22794,3622,13
650,1365,46,11512,4233,17
652,538,54,14004,3681,14
653,525,66,6219,5460,22
655,798,66,5013,2187,12
656,558,75,3010,9602,11
657,959,83,11757,2836,13
659,622,81,5718,4089,13
661,782,50,2671,16627,14
662,362,43,14561,2619,17
663,1001,72,19627,5679,13
664,1236,40,17997,15402,11
665,1112,50,26894,5985,11
666,204,31,2912,2579,18
667,1420,85,16346,3041,11
669,1343,49,24444,3447,11
671,1315,35,9358,19513,12
675,604,69,12145,2773,20
677,1216,39,20431,7104,12
679,646,92,18089,6322,12
680,160,71,22653,2083,20
682,238,34,7507,8381,20
683,1397,42,7660,2691,12
684,306,100,5630,4286,14
686,991,71,17759,2659,13
689,482,36,9606,9434,15
690,1176,62,3487,5561,14
691,1017,82,19368,6646,13
692,1296,30,5335,7725,23
698,397,88,6729,10725,15
699,913,48,13934,8847,11
700,1115,54,15174,2045,13
701,1362,32,26999,1009,11
702,1076,70,3164,3348,11
704,727,41,16900,1281,18
705,885,58,8544,2819,16
707,810,57,15678,4851,22
709,243,46,7791,4028,20
710,806,76,18959,2720,18
712,817,56,18597,8120,12
714,1410,71,16673,4647,20
715,1225,80,15232,4680,17
716,1207,74,3297,3221,11
717,1442,46,17654,8621,14
720,693,65,24785,4577,14
721,408,80,20978,4553,11
722,929,55,21703,5396,12
723,562,50,23452,6796,14
724,827,33,19383,7625,13
725,608,68,6009,7412,11
727,1018,39,19373,11159,15
728,703,42,11825,4960,12
729,580,48,23772,10475,21
730,970,59,13514,14814,19
731,427,73,8861,19141,15
732,1179,84,11924,5405,14
733,294,32,4809,8793,21
734,314,59,19562,19189,12
738,316,54,9983,3875,15
741,654,67,3872,2216,13
742,427,63,20335,11713,14
743,168,81,15397,7861,14
744,381,49,2104,3708,14
746,217,49,10225,13770,12
747,501,99,25275,5304,23
749,1396,99,2755,2642,11
752,933,57,20366,2759,12
754,775,47,23683,6804,18
757,970,96,7360,6142,11
758,650,37,4344,2500,14
760,141,44,18767,6389,15
762,832,81,20420,11103,11
763,804,86,22929,2342,20
764,975,55,23398,6811,19
766,1090,83,17967,2297,14
769,346,86,10919,2450,17
771,1225,61,4761,5093,11
772,430,80,21146,5309,15
773,268,92,20471,3057,13
775,167,32,4187,5121,14
776,621,31,10084,16856,11
780,527,63,5207,2686,13
781,883,32,22807,6180,23
783,954,46,12388,6632,13
784,310,79,19630,3505,18
785,719,77,10339,6397,12
786,304,60,18686,6274,22
787,725,78,21199,19859,13
789,1434,76,14229,7587,15
791,715,41,26589,4258,18
792,575,71,5288,4364,14
793,657,66,25549,4335,12
796,1146,38,3064,5326,17
797,182,72,13551,3280,16
799,376,95,22670,5485,11
800,829,84,24008,4342,19
802,571,82,19905,2782,13
803,240,75,26085,5980,12
804,121,86,7530,4381,11
805,384,72,20317,2572,16
806,921,38,24375,3833,21
807,791,38,9931,4244,24
808,1111,93,13305,6500,17
809,570,66,16225,18430,13
811,1243,63,3445,1601,21
812,1092,60,26551,2694,11
813,1325,82,21821,3149,20
815,691,64,6881,17639,16
816,805,36,6689,2319,11
817,213,49,25995,11691,11
819,118,69,26507,5324,15
820,202,33,12982,16752,11
823,676,35,23361,5228,15
824,1252,81,23779,2700,24
825,286,31,25761,19246,12
826,1258,40,13301,2506,13
827,932,43,4051,6062,13
828,890,46,16374,4382,17
829,1041,36,25527,2143,13
830,859,98,19124,6162,12
832,720,51,11983,5094,14
833,946,52,20234,6877,24
834,252,95,6153,2274,14
836,933,98,11806,4434,13
837,471,45,4284,6288,15
838,702,100,8306,2553,16
840,1184,43,5860,7654,18
842,436,37,21519,5160,16
843,589,94,5200,17159,24
844,269,42,8842,12808,16
845,950,59,18869,10221,21
846,760,81,3698,4779,20
847,829,88,2243,3737,19
848,887,88,20898,2366,14
850,443,50,16571,1706,11
851,1318,66,5594,16307,14
852,625,50,5197,5933,12
854,180,65,21632,3424,13
855,586,48,21816,4037,22
856,1343,53,17852,2559,11
857,928,56,2823,6201,14
859,117,73,9250,4403,11
861,1012,75,2373,3761,12
862,661,78,20715,10934,18
864,930,74,19239,10761,12
865,638,91,22162,5175,12
867,890,81,19028,13826,22
868,342,66,24558,6334,19
869,1169,63,23965,4936,13
872,1230,33,19146,4775,22
874,986,62,5044,2818,24
875,1271,35,9068,2515,14
878,1278,77,8635,2342,21
879,141,98,14363,4194,18
880,607,66,23457,10685,20
881,130,96,16612,2022,19
882,300,61,9148,2314,12
885,583,87,18154,4256,12
887,1418,36,10554,3580,16
888,1269,46,10778,3162,17
889,379,48,8891,6524,14
893,395,98,12102,2899,19
894,1265,95,23726,5231,13
895,1222,48,14871,2356,19
896,341,48,23522,2800,19
897,868,73,22789,11836,14
899,672,78,9129,10903,16
900,1231,54,21222,2973,15
901,102,72,20206,14275,18
902,422,33,21782,5562,13
903,249,35,17783,4537,22
904,1252,32,4814,7642,13
905,881,98,4544,17924,11
909,1383,42,7790,5204,11
910,1075,57,22650,2277,11
911,374,87,18016,2795,24
912,1086,62,6054,2532,14
913,661,61,7508,2559,13
916,821,98,24252,4908,14
918,781,57,13384,2380,14
920,177,55,23814,4765,21
922,500,49,22052,2044,13
923,1427,65,8870,2693,19
924,1425,68,4821,6586,17
925,1454,65,13137,3294,18
926,617,34,10022,4171,19
927,1085,57,17725,2778,13
930,995,77,9834,2377,18
932,1122,70,4303,2404,21
933,618,76,17808,2318,19
934,546,83,6896,2008,14
936,462,68,7824,6244,17
939,1198,100,3339,2799,11
940,1272,37,9255,10552,13
941,154,41,11737,2329,15
942,1137,51,19170,4014,25
944,527,51,22477,7403,11
945,1469,51,5543,2259,17
947,1188,45,24406,6932,13
949,188,65,23293,4678,18
950,1333,80,16292,13582,13
951,1184,70,3974,2332,20
952,867,36,18798,2413,18
954,658,67,20652,9705,12
956,1283,52,11148,4294,12
957,263,59,3119,4721,13
958,938,79,12287,2519,21
959,419,37,9947,2121,13
960,129,84,13008,2973,19
961,616,41,17369,5855,11
964,1469,35,25063,3617,14
966,498,93,13554,6725,12
967,530,51,5518,10325,11
969,1069,42,12291,6949,14
970,625,46,14922,10609,11
972,805,57,23163,4447,12
974,1404,84,18203,2157,15
975,1219,86,6179,4601,16
976,1053,70,13829,17099,15
977,289,51,26227,2479,24
981,1376,45,13938,14852,13
982,231,62,9977,7264,11
983,152,85,19899,5666,13
984,882,92,6812,7823,13
985,903,41,2560,7880,18
986,1479,100,17071,13194,16
987,1379,64,6759,5067,19
990,1229,84,25952,5079,13
991,335,46,10322,2321,22
992,722,38,20489,17444,11
994,906,92,11479,2404,20
995,461,53,17241,3452,18
996,974,91,11005,2270,14
997,1126,66,6615,17399,22
998,827,84,20161,5488,13
999,840,64,3735,19419,17
1001,1134,37,12086,2811,14
1002,248,42,14039,3633,15
1003,955,83,8571,4163,17
1004,138,48,11539,2132,11
1005,939,95,4161,13973,18
1006,1391,66,12127,2684,17
1007,566,75,24208,10845,13
1009,1206,41,24117,4377,15
1010,622,39,10074,3743,24
1011,853,96,11275,4148,12
1012,287,73,13493,1051,15
1013,1441,56,13943,10739,11
1014,583,57,6975,10388,11
1015,153,73,17802,11416,12
1016,1097,98,18275,2600,15
1017,109,60,25725,2422,17
1018,1066,32,3334,5472,12
1019,217,94,6881,2451,15
1022,277,97,13119,4240,13
1024,1355,78,22245,10999,14
1025,549,42,23371,5003,14
1026,466,65,7060,12742,16
1027,1055,47,4658,4227,18
1028,802,45,9541,3917,20
1029,265,90,7770,18303,13
1030,804,64,20165,2380,18
1032,715,69,21829,13726,13
1033,1141,61,14382,4777,15
1034,135,62,12992,6385,14
1035,247,55,20284,19973,22
1036,1035,42,4981,6861,12
1037,265,79,21813,4969,18
1038,266,57,25846,19845,15
1039,1448,53,11737,13320,18
1040,145,95,24920,6347,12
1042,885,43,8269,2743,16
1043,945,82,5083,10880,13
1044,1038,88,21437,2342,19
1045,1234,90,5404,17650,13
1046,1109,69,11135,4025,12
1047,216,75,12278,9725,11
1048,1089,66,11038,11904,14
1049,788,36,8318,2177,16
1050,124,38,23537,7525,12
1052,660,81,7858,4834,14
1053,342,57,15346,2042,14
1055,1333,87,18410,2220,19
1056,1144,74,23384,1052,22
1060,1186,44,2997,2821,16
1061,1464,62,12853,19237,11
1062,124,35,13848,4107,15
1066,300,74,22217,8396,14
1068,921,66,25265,2007,13
1069,430,40,21445,19627,17
1070,1082,41,8392,10686,11
1071,1240,63,12154,2942,19
1073,796,51,15669,8858,11
1074,444,40,17323,16756,15
1076,415,79,5268,10798,13
1077,769,54,17205,2323,14
1079,1334,36,17258,1416,13
1080,1003,74,21029,4615,23
1081,1323,34,10332,2461,12
1082,1366,72,12355,8722,12
1083,192,59,11141,3955,16
1084,1176,85,9096,9957,15
1085,509,43,18863,3376,13
1088,330,65,24608,8823,18
1092,1492,61,26542,10322,20
1094,1277,87,5869,4621,19
1096,1091,65,15813,10976,18
1097,857,59,7909,3660,13
1098,1376,91,2326,10482,14
1099,654,34,21214,7119,15
1100,1204,86,10333,9582,22
1101,827,54,3129,4508,22
1102,895,50,22482,2207,16
1103,618,45,22266,7756,17
1105,309,88,24223,6694,14
1106,1219,32,4605,3691,15
1107,1330,37,19373,2377,20
1108,1017,55,2993,2313,20
1109,469,35,14399,17665,17
1111,1009,45,7160,2596,15
1113,959,81,17251,4728,14
1114,970,30,13401,4302,17
1115,697,40,22478,2979,17
1116,1262,35,16154,16885,22
1117,1050,65,17970,5593,13
1118,994,87,15322,10445,19
1119,770,73,5569,8740,14
1120,1107,93,26968,2514,22
1121,950,93,8039,7655,17
1124,406,52,15596,17465,12
1125,130,32,20619,7351,16
1126,1082,83,11535,10820,11
1127,203,84,13547,12169,11
1128,1308,44,17544,19626,14
1131,984,70,25326,2070,11
1132,439,70,8770,6782,15
1133,217,78,23238,7779,20
1135,793,67,21981,2791,12
1136,1451,67,19911,3201,17
1137,1182,54,18500,4968,11
1138,174,56,11879,13120,17
1140,1003,95,15834,4033,11
1143,490,61,17940,3291,14
1148,188,56,9558,4272,19
1150,718,79,17689,5056,15
1152,433,37,6004,2844,13
1154,773,39,22088,2703,14
1156,247,80,13556,1904,12
1157,603,77,18385,8224,17
1158,167,46,9051,4766,11
1160,874,72,6233,2610,12
1161,367,52,17171,5731,13
1162,199,55,7950,2539,13
1163,1400,70,5829,5714,20
1164,528,100,7108,4323,17
1165,408,45,11162,7336,13
1166,593,88,13782,13499,17
1167,481,44,2447,13758,12
1171,647,45,2253,5155,13
1172,982,58,16340,2258,12
1173,477,49,6409,3597,22
1175,1485,79,22955,2515,11
1177,1384,82,13421,4420,22
1179,852,72,2706,6578,18
1180,902,92,21203,4422,13
1182,819,44,19588,10274,18
1184,669,97,25755,5343,20
1185,636,47,26537,2376,13
1188,1372,85,9489,5346,13
1190,862,76,14947,2827,12
1191,718,92,18575,19943,13
1192,1401,54,26342,3131,13
1193,645,54,7172,2552,25
1195,1457,83,20100,4477,19
1196,977,56,9961,6474,13
1198,805,87,12828,3033,12
1200,1097,96,10826,2936,11
1201,1223,50,18640,18606,18
1202,942,69,26933,2168,18
1203,1256,48,4223,2853,11
1204,1402,69,24097,17048,23
1206,111,74,4279,2290,13
1207,147,99,8429,3600,13
1210,906,95,20293,2107,17
1211,1329,61,13192,4115,19
1212,1184,62,25440,4327,12
1215,1421,30,9490,17856,22
1216,1179,78,12449,3196,12
1217,1450,52,10849,19081,11
1218,1361,94,21026,8966,15
1219,984,97,3372,2210,13
1220,1146,82,4905,4539,12
1221,917,60,6865,2741,14
1224,853,49,11309,3491,13
1225,200,32,7744,4541,25
1226,654,43,5050,2678,17
1228,150,60,17433,7379,11
1231,179,79,12858,6272,16
1233,696,52,10893,5220,18
1234,116,77,7331,2743,20
1235,1316,38,2338,4998,14
1237,363,77,4235,10252,21
1238,117,60,6311,2781,13
1239,107,84,11591,6852,12
1240,1356,57,20623,4950,14
1241,1465,63,9369,3579,21
1242,458,60,23281,13191,17
1243,1212,78,13755,10377,11
1244,1103,42,14377,2235,14
1245,966,53,9659,10502,17
1246,1117,72,19982,2011,13
1248,504,96,6148,1859,25
1249,1010,97,5598,3760,15
1250,685,85,23474,17779,14
1251,1332,80,17089,6833,12
1252,1062,96,17198,6812,19
1254,326,48,16490,5171,17
1255,920,96,18625,19740,14
1256,1098,85,12124,18711,13
1257,469,46,9256,3692,12
1258,969,76,16620,2559,11
1259,1167,76,3208,2517,11
1260,1329,82,4204,6623,11
1263,715,76,8733,18265,12
1264,694,87,3423,16124,14
1265,1320,89,21643,2585,17
1267,1099,88,8751,18213,11
1268,536,82,21708,8380,14
1269,265,57,21221,2994,12
1270,373,47,16901,1223,22
1273,599,73,8040,1118,14
1275,583,53,9973,2875,20
1277,1449,94,2493,18824,16
1278,177,37,25592,13577,15
1279,251,45,25308,2625,20
1280,168,33,9946,18789,14
1281,131,86,6039,4538,12
1282,237,83,19196,19847,24
1283,1429,67,20002,10512,12
1285,135,46,22534,4444,13
1286,791,44,6842,2154,11
1288,1199,92,17477,19190,14
1289,648,56,21833,4490,11
1291,735,66,6020,3506,14
1292,603,78,5628,2372,16
1293,531,56,20364,10231,14
1294,429,53,2323,5410,11
1295,621,73,14075,7978,11
1296,193,52,14222,3867,12
1297,968,40,4257,2838,14
1298,879,72,12858,4695,18
1299,806,39,17285,3339,13
1301,640,84,4732,2080,11
1303,266,40,18830,2096,18
1304,604,56,11693,6209,15
1306,364,83,13035,18061,22
1307,412,94,17334,17123,13
1308,848,88,26076,2372,12
1309,1089,79,22845,4883,18
1310,360,93,22154,3904,13
1311,1138,48,23631,4627,12
1312,325,63,5747,7094,12
1314,991,44,22957,3423,12
1315,1476,55,16392,6674,11
1317,1322,43,22422,16880,11
1318,299,57,17235,9094,12
1319,1030,64,21534,8446,19
1321,634,95,25927,11916,23
1322,524,32,13352,4534,11
1324,587,57,8935,9852,19
1329,256,40,22074,6151,13
1331,1060,54,8319,2302,11
1333,935,89,14669,2362,12
1334,495,37,26582,17861,13
1336,282,58,6992,19187,14
1338,206,99,4022,19717,14
1340,458,74,8532,3544,16
1344,943,86,5494,8500,11
1346,523,98,22455,4661,13
1349,1018,66,4297,4103,17
1350,482,87,2690,4249,11
1352,770,84,17588,14026,11
1355,1009,31,19461,6893,15
1356,507,66,23553,6125,12
1358,882,67,9075,3669,11
1360,601,53,12023,10008,14
1361,329,88,6762,2387,22
1362,607,83,2261,4639,16
1363,855,54,18706,7898,11
1364,1291,98,6527,2534,14
1367,1405,82,24439,13142,16
1368,1124,97,19305,1611,15
1369,817,60,10846,5363,12
1371,793,43,20392,5071,20
1372,267,85,9277,13695,17
1373,1369,68,18235,13402,12
1374,999,92,15891,2029,20
1375,1202,89,13888,6377,20
1377,285,86,17491,5429,13
1379,703,90,11882,2785,14
1380,662,67,23288,4614,18
1382,693,57,15748,2610,11
1383,404,98,6163,6687,11
1387,736,48,24232,4724,11
1389,330,98,21057,6179,15
1390,1498,44,3567,6120,12
1391,541,52,15395,10596,11
1392,1200,75,13953,5467,14
1394,1439,54,5182,2996,15
1395,1111,61,19293,9998,13
1396,499,36,20497,4078,13
1397,1485,71,3449,10920,21
1399,1372,93,12477,6232,11
1401,322,59,9731,13247,11
1402,930,73,20003,4081,14
1403,205,98,7100,5769,11
1405,135,51,25681,2394,13
1407,683,36,4050,3904,12
1408,1147,31,16616,16799,14
1409,258,54,17363,2950,13
1411,1462,94,19106,3629,18
1412,200,60,19944,9362,11
1415,949,81,4910,3229,11
1417,652,100,23577,3578,12
1419,332,51,9769,7988,13
1420,1475,97,22710,4284,20
1421,337,84,22930,7553,12
1422,971,54,5652,17328,19
1423,1055,76,22456,19701,21
1424,1136,81,12414,14732,13
1425,1174,99,20763,9278,16
1427,667,50,16154,1359,12
1428,855,73,12761,4779,14
1430,182,93,8847,16422,11
1431,560,91,20284,2996,14
1433,202,34,22262,1261,12
1434,1377,91,7679,2099,14
1435,172,37,22604,5810,16
1436,329,98,13494,5647,13
1438,465,74,10205,3420,12
1439,383,68,15182,4400,12
1440,1413,84,25470,3500,14
1441,1255,90,10494,2066,22
1443,359,82,26703,17169,19
1445,1476,42,15211,4162,12
1446,601,97,23343,9204,12
1447,401,86,3708,3294,17
1448,1283,90,5561,2127,12
1449,663,81,23099,3975,11
1453,326,31,8386,10793,18
1457,377,52,15986,10096,11
1458,592,54,17181,3646,23
1459,1445,100,8931,7446,11
1460,1038,95,19863,10851,18
1461,1398,96,24609,2109,18
1464,523,94,21081,3722,13
1465,1448,55,14720,9380,18
1466,1221,96,24795,5486,11
1467,1107,52,3072,2742,15
1468,218,55,25178,13757,11
1469,866,84,23490,8463,18
1471,981,90,7973,3162,14
1472,447,39,19764,16598,12
1473,1495,96,21534,6651,14
1474,896,68,8045,2345,14
1475,1467,49,21158,3420,13
1477,430,54,17456,4373,14
1478,1326,81,15891,4759,18
1479,1358,96,2939,5301,15
1480,748,74,16458,3673,13
1481,383,79,9282,4768,12
1482,990,64,7152,1274,13
1483,405,93,2721,4900,24
1484,1490,35,20948,10466,14
1485,829,71,11929,17007,14
1486,1496,92,15747,2909,15
1487,115,51,17485,5765,11
1489,790,40,7815,4599,23
1492,660,76,16192,2404,13
1494,381,89,16998,3172,11
1495,830,78,7103,2033,13
1496,1193,86,19719,10209,18
1497,1246,77,23757,8620,14
1499,330,46,15428,2064,21
1501,1229,30,16143,4035,16
1502,1099,82,8192,3838,11
1503,571,78,24200,4591,17
1504,289,38,5355,2561,11
1506,1423,72,12530,1563,14
1507,467,55,11827,4898,14
1509,271,43,23070,4789,25
1513,410,97,4668,3180,13
1514,1083,96,3173,6549,14
1515,516,69,22049,6388,17
1516,495,64,21072,11244,25
1520,1050,87,24456,16032,20
1522,224,100,7568,2362,13
1523,136,32,22074,16328,13
1525,1089,32,9150,8376,18
1527,228,51,11380,16606,12
1529,1029,91,21195,8606,19
1533,507,97,24812,2272,14
1534,676,86,21831,2018,14
1535,971,64,12288,7083,14
1537,561,33,4156,4084,12
1539,333,88,24450,14411,13
1541,1440,55,4944,2308,25
1542,1210,68,24052,4841,14
1543,674,47,3031,4285,17
1544,441,39,7288,9715,13
1545,575,44,24152,4320,13
1546,950,97,4585,2132,20
1547,288,40,18611,10124,14
1548,1342,47,19345,5473,12
1549,589,79,22949,5207,12
1550,898,38,17381,16437,21
1551,350,57,10036,2296,14
1552,1142,72,8841,4069,18
1553,538,66,20933,7441,12
1554,1402,98,26204,2430,23
1555,824,67,15624,5878,12
1556,1157,70,17001,2644,21
1557,492,96,13693,6439,14
1558,598,91,22376,2451,18
1560,1242,46,10589,6392,13
1562,740,64,5323,9714,11
1563,888,71,14814,6077,11
1564,992,68,21731,2450,19
1568,1288,33,17799,9250,12
1569,104,69,26619,2074,12
1572,607,78,14618,10169,16
1573,903,81,7653,4855,11
1574,1200,62,25174,4087,14
1576,1108,65,16530,2367,12
1577,479,35,22061,2972,13
1578,685,60,23037,19586,21
1580,1351,45,13008,5484,17
1581,474,89,11133,2061,21
1582,1245,80,12355,9924,11
1583,437,90,16379,4198,12
1585,884,73,21447,6815,13
1586,1370,87,16213,4723,18
1587,670,51,4223,6142,16
1588,1462,38,4658,8237,11
1590,995,87,24483,8853,19
1591,264,59,19519,19331,16
1592,977,45,12826,2073,16
1594,1302,80,19711,5562,13
1595,1059,93,26362,19613,22
1596,750,46,25348,3407,17
1597,653,92,15332,5063,14
1598,118,84,11262,4639,15
1599,990,87,5855,4876,12
1601,1349,63,7713,2690,18
1602,563,56,3156,17567,15
1604,329,51,7324,2408,17
1605,457,85,10293,2814,14
1606,1234,41,20689,11245,15
1607,634,35,18783,3312,17
1608,1313,31,3549,19049,14
1609,241,48,5348,2141,12
1611,1015,50,23447,5769,14
1612,336,52,24162,4385,15
1613,715,54,21602,5332,13
1614,559,76,12421,4663,12
1615,426,42,17000,4724,13
1617,722,84,22102,3211,14
1618,1387,76,3835,5377,13
1619,1302,67,16290,4066,11
1621,819,48,26312,5208,11
1622,580,39,20460,4877,21
1623,546,97,26009,3117,18
1624,544,70,18420,1569,12
1625,1176,98,5220,19658,11
1627,170,76,10302,3069,15
1628,884,80,25800,10435,13
1630,208,52,12250,4148,12
1631,671,85,26493,5768,17
1633,711,81,3140,5042,13
1635,1329,59,5388,5770,19
1638,397,54,14199,7756,19
1639,737,55,21530,10306,17
1640,1470,71,9953,3936,11
1641,448,84,19948,7945,15
1642,602,37,10503,5743,11
1644,365,89,5602,15202,25
1645,763,59,22098,5440,14
1646,567,32,17218,3760,13
1647,486,86,22490,3517,17
1648,591,87,6297,2580,13
1649,1329,73,3339,2166,14
1650,469,42,23413,5869,11
1651,711,42,22792,8008,12
1653,772,77,4973,5206,17
1654,492,66,7693,5295,21
1655,301,72,3498,16413,16
1656,813,50,21981,13269,15
1657,1141,31,13251,2783,19
1658,1130,66,19332,5433,12
1659,311,77,10950,2013,11
1661,465,41,11652,13966,19
1662,894,33,15411,4374,15
1664,1040,79,26308,6842,20
1665,584,91,18685,17426,25
1666,1291,65,3525,17603,24
1667,880,36,10414,4581,24
1668,1189,90,9867,4735,15
1669,991,43,3356,4187,13
1670,392,93,3921,5505,14
1671,977,45,25518,5470,13
1673,1112,67,22589,5476,11
1674,464,74,24941,2587,16
1675,148,42,23826,2440,22
1676,1225,47,21086,15972,14
1677,809,36,22384,15379,14
1678,1206,80,11591,7082,16
1680,727,54,21082,2728,11
1681,530,36,16130,5368,25
1682,1351,80,7419,5347,14
1683,528,44,4167,3195,18
1684,1320,93,20586,3989,11
1687,1495,87,26176,3306,19
1689,1395,48,3458,7005,15
1691,708,95,11740,2655,11
1692,1259,95,24852,1393,12
1693,786,76,11925,2570,20
1694,1441,94,23737,3537,12
1696,1157,57,11912,3986,14
1697,370,92,20467,10883,20
1698,267,79,13637,2028,18
1700,1278,31,7677,9525,14
1701,678,35,20338,2929,12
1702,427,99,25103,2275,21
1703,921,96,14810,7879,19
1704,146,79,13970,4930,14
1706,1179,73,6069,7847,17
1707,581,62,17616,4401,16
1708,918,35,15869,9241,12
1709,1082,43,25412,2974,17
1710,530,51,7439,4502,15
1712,1238,74,3395,10748,23
1714,240,58,11585,1555,11
1716,1093,82,24164,12936,11
1718,390,62,6217,2305,15
1719,1005,48,17119,16704,11
1720,585,56,17360,3433,13
1721,741,69,18103,3477,14
1722,552,60,20794,6430,19
1724,369,92,5041,6516,16
1725,506,91,3622,3907,13
1727,717,34,9697,5562,14
1728,1370,49,5151,6883,16
1729,793,33,3811,2862,12
1731,543,87,3536,4978,11
1732,1277,74,5596,10368,12
1733,1456,96,8658,6134,13
1734,964,34,12147,6735,15
1735,160,51,12862,3295,13
1736,163,30,6670,5238,20
1737,792,77,8989,6472,15
1739,371,80,3840,9610,13
1740,611,88,4349,19833,14
1744,176,56,6595,9756,21
1745,1312,78,26427,4968,16
1746,897,59,2097,2145,14
1747,600,66,9732,2180,11
1749,1003,51,20943,8346,19
1751,1054,67,6152,3445,11
1752,428,52,14630,2760,13
1753,461,70,23060,6294,12
1754,979,94,3088,7140,11
1755,181,97,5586,2932,14
1756,1283,62,10697,5147,15
1757,1313,80,8191,4507,12
1758,211,74,10092,8564,20
1760,594,75,15963,2468,14
1761,1079,70,19002,8161,13
1762,590,91,10007,2109,13
1763,305,58,9128,5294,16
1764,953,65,17674,2718,14
1766,833,60,24539,5811,16
1767,807,38,15587,2437,16
1768,855,57,8952,2766,22
1770,478,60,19805,19038,12
1771,775,90,6194,3055,15
1772,548,94,20520,2289,20
1774,1375,87,12313,4001,14
1775,661,60,22308,12965,20
1778,244,97,5033,3539,13
1779,511,32,25353,6029,12
1780,337,31,4567,2679,13
1782,1153,40,16376,3702,11
1783,1294,79,15999,2398,17
1784,196,91,13402,5468,14
1786,942,53,22984,13116,11
1787,589,46,8800,4189,14
1789,734,46,14218,19328,17
1790,1383,90,25949,8321,13
1792,429,99,11092,2342,12
1794,1239,89,12832,4071,13
1797,303,84,13492,5813,18
1798,867,90,6076,3143,19
1799,1181,82,5531,2044,11
1800,1253,65,7914,13464,21
1801,849,98,25166,7991,15
1802,616,99,25605,3377,17
1803,1128,95,5696,5538,18
1804,1180,90,24442,5762,14
1805,1336,100,7129,2592,13
1807,234,93,6208,5346,17
1809,370,58,4992,4213,15
1812,766,83,19188,4127,18
1813,343,52,24978,2438,13
1814,447,85,15530,6870,12
1815,796,81,26458,10447,13
1816,1092,64,2739,9667,14
1818,920,69,6889,2148,11
1821,261,66,10842,8926,22
1822,1194,52,9060,6513,17
1823,810,92,22128,6799,21
1824,350,52,22577,16291,22
1826,185,91,9696,2705,16
1827,1001,92,19271,10333,12
1829,750,47,10748,4448,12
1830,431,68,15696,6854,15
1833,1125,68,8277,9637,14
1834,1217,67,12719,3591,25
1835,723,77,4244,5405,20
1836,572,46,9125,4684,13
1837,1216,87,21624,15787,14
1839,1431,33,8018,1514,16
1842,359,89,21495,2956,17
1844,350,56,3157,2335,15
1845,589,67,19665,5154,22
1847,430,73,19573,6962,22
1849,1422,92,19246,5675,20
1850,1297,53,19826,2379,14
1852,574,40,7003,3812,13
1853,1318,79,26075,4648,13
1854,355,38,6161,2936,22
1856,207,64,5411,2105,12
1857,706,82,19989,8578,14
1858,280,43,10494,2706,15
1859,726,93,21143,6384,17
1860,1142,81,13624,3968,13
1862,414,82,26186,9907,12
1863,1319,45,7739,13225,12
1864,728,36,7018,3540,21
1865,352,87,15434,2804,11
1866,823,81,22539,19392,13
1867,1224,91,13583,19665,12
1868,459,73,14753,2439,24
1869,1254,64,14011,7314,21
1870,1131,77,23844,4774,19
1871,835,41,5141,3902,14
1873,836,98,7975,2662,20
1875,1172,78,3692,2856,19
1876,945,89,16019,1081,13
1878,391,75,26092,2472,23
1880,1266,63,6060,5673,13
1881,311,89,18624,4197,11
1882,1480,64,24444,9713,13
1883,592,59,19384,2062,14
1885,783,78,13588,4284,22
1886,219,44,25388,4788,11
1888,556,93,23888,5906,13
1890,1213,94,4223,3886,21
1892,1137,98,18991,16823,11
1893,482,90,14908,2933,13
1898,511,89,26997,6500,14
1900,117,58,2437,17174,11
1903,170,78,9364,5033,15
1905,967,85,14460,2307,23
1907,1162,97,10261,2587,16
1908,335,33,16822,5507,16
1909,337,54,26841,4393,21
1911,1396,83,14842,13348,13
1912,1079,86,20115,6583,11
1915,735,75,16495,8103,12
1916,471,62,16031,3978,12
1918,1096,61,7102,2544,18
1922,1297,44,14511,5399,12
1924,217,43,10410,5487,14
1927,783,42,19255,6834,12
1928,746,45,10642,1091,17
1929,1251,32,3987,5736,19
1931,1354,41,6073,2226,11
1932,735,86,26496,5747,15
1933,1475,84,23352,9854,11
1934,1169,64,2125,5467,18
1935,1443,89,20328,5380,16
1936,867,87,12315,5151,25
1937,1394,58,18115,2133,16
1938,605,72,11761,17875,13
1939,238,47,15318,2432,14
1940,1206,71,14293,4771,19
1941,1064,42,13738,19161,15
1943,419,77,2900,5087,12
1944,1337,58,19555,2863,12
1945,682,71,15975,5561,16
1947,1103,49,2122,2144,14
1948,976,48,3995,3065,13
1949,1351,66,9238,2810,22
1950,937,32,6770,9888,21
1951,1239,39,22914,8628,18
1952,157,95,20006,2867,13
1954,136,89,6225,5373,12
1955,1146,34,16542,6667,18
1956,1125,48,5771,5003,21
1960,1404,32,18779,2367,12
1961,1404,59,11473,2858,14
1962,1224,55,13586,5204,11
1965,954,44,5099,4105,14
1966,1373,56,10138,9679,24
1967,754,63,21075,5617,11
1968,1168,66,5843,10448,13
1969,155,67,22474,2897,11
1970,1303,36,18079,5968,20
1971,574,30,16873,7510,17
1972,1444,88,5224,2991,11
1973,189,71,25811,19636,18
1974,1276,59,17536,1129,11
1975,119,77,25098,13341,12
1976,335,37,14811,4332,12
1979,697,40,26862,11031,20
1980,157,77,25198,4440,19
1981,771,45,14120,4617,12
1982,571,78,13672,2647,13
1985,692,73,26849,6323,11
1986,444,92,4258,5677,14
1987,309,82,19655,2187,14
1989,911,76,4077,3748,13
1992,977,57,7298,3977,19
1993,1180,84,13084,8633,23
1994,1313,59,20439,2008,12
1995,1321,86,7636,4440,15
1996,1154,54,6393,3067,19
1997,508,72,14284,5321,11
1998,557,35,11189,5410,17
1999,642,76,21412,2782,22
2000,1162,98,17231,11957,18
2003,1490,43,20232,2660,11
2007,581,63,17624,3375,12
2008,1395,48,18698,5098,19
2009,501,95,21653,4878,13
2010,267,49,15919,2837,13
2012,543,83,4060,2406,19
2013,234,68,18024,2269,14
2014,116,52,5340,4108,13
2015,201,99,3376,13206,12
2016,801,48,24032,10422,19
2017,161,42,15471,13744,25
2018,1382,85,13684,4907,22
2019,585,40,19788,3482,15
2020,1037,42,13422,2436,12
2021,501,58,25479,2380,11
2022,105,87,15302,19431,13
2023,638,33,26956,1790,19
2024,557,94,12695,7644,19
2025,688,97,9192,5131,13
2026,667,57,26236,6306,21
2027,1092,36,26124,4787,14
2031,300,56,17312,18880,11
2032,310,72,3666,2339,11
2034,582,60,5640,13570,23
2035,704,95,8978,6712,21
2036,301,88,10436,5406,24
2037,930,57,12227,8938,11
2038,529,78,11288,2439,14
2040,1146,31,16642,8837,16
2041,345,100,5982,5343,11
2044,878,94,14255,6728,12
2045,1120,100,14369,6652,13
2046,374,50,23333,4850,15
2048,1322,52,2725,2809,14
2049,1199,80,24594,5689,14
2051,1194,98,12549,2001,14
2052,287,62,8952,2977,12
2053,1378,46,23679,4025,13
2054,468,73,8489,3785,14
2055,410,39,16586,10854,13
2056,722,60,8828,12031,11
2057,325,74,3787,9936,19
2060,1167,30,21378,2966,18
2061,884,41,12290,2571,17
2062,613,42,21457,9991,15
2064,155,87,5174,6142,20
2065,1023,63,13243,5390,14
2068,628,82,10228,4404,12
