movie_id,genre_id
1,1
2,2
3,3
4,4
5,4
6,5
7,3
8,6
9,3
10,6
11,3
12,2
13,2
14,1
15,7
16,1
17,4
18,5
19,7
20,2
21,3
22,8
23,7
24,7
25,1
26,4
27,4
28,4
29,3
30,3
31,3
32,4
33,4
34,3
35,3
36,4
37,3
38,2
39,4
40,1
41,3
42,4
43,3
44,5
45,4
46,7
47,3
48,2
49,3
50,4
51,3
52,3
53,2
54,5
55,3
56,5
57,1
58,6
59,9
60,6
61,1
62,2
63,1
64,4
65,4
66,5
67,3
68,7
69,2
70,5
71,6
72,4
73,7
74,5
75,7
76,3
77,4
78,5
79,1
80,7
81,3
82,4
83,5
84,7
85,5
86,4
87,4
88,4
89,1
90,3
91,2
92,1
93,4
94,4
95,4
96,4
97,4
98,1
99,4
100,2
101,1
102,3
103,3
104,4
105,3
106,5
107,3
108,10
109,3
110,1
111,4
112,4
113,5
114,3
115,3
116,1
117,6
118,4
119,3
120,9
121,4
122,1
123,3
124,4
125,2
126,1
127,8
128,1
129,5
130,3
131,5
132,2
133,1
134,5
135,4
136,4
137,4
138,1
139,9
140,1
141,4
142,4
143,5
144,7
145,3
146,3
147,3
148,1
149,4
150,5
151,6
152,4
153,4
154,7
155,5
156,4
157,4
158,3
159,4
160,7
161,4
162,1
163,4
164,11
165,3
166,4
167,12
168,3
169,1
170,3
171,4
172,1
173,4
174,4
175,7
176,7
177,3
178,4
179,2
180,4
181,3
182,4
183,1
184,2
185,5
186,1
187,3
188,2
189,3
190,1
191,3
192,4
193,4
194,7
195,5
196,4
197,5
198,3
199,4
200,5
201,3
202,3
203,3
204,7
205,6
206,1
207,1
208,1
209,9
210,3
211,4
212,3
213,4
214,8
215,6
216,7
217,3
218,4
219,4
220,12
221,3
222,7
223,3
224,5
225,2
226,4
227,3
228,3
229,2
230,9
231,2
232,1
233,5
234,3
235,3
236,4
237,2
238,5
239,4
240,3
241,1
242,4
243,1
244,4
245,5
246,4
247,3
248,4
249,1
250,4
251,3
252,4
253,1
254,4
255,6
256,4
257,1
258,3
259,3
260,3
261,3
262,7
263,4
264,3
265,7
266,5
267,6
268,3
269,3
270,2
271,1
272,4
273,4
274,3
275,3
276,4
277,4
278,4
279,3
280,5
281,3
282,4
283,7
284,1
285,4
286,5
287,3
288,3
289,2
290,3
291,5
292,4
293,3
294,3
295,2
296,6
297,7
298,13
299,4
300,2
301,4
302,3
303,4
304,3
305,2
306,1
307,4
308,2
309,3
310,2
311,1
312,1
313,1
314,4
315,5
316,3
317,4
318,1
319,1
320,1
321,4
322,3
323,1
324,4
325,1
326,7
327,4
328,3
329,3
330,4
331,7
332,4
333,4
334,4
335,4
336,4
337,4
338,4
339,5
340,1
341,1
342,4
343,2
344,1
345,4
346,4
347,2
348,2
349,3
350,4
351,4
352,4
353,3
354,6
355,2
356,4
357,1
358,1
359,1
360,4
361,3
362,7
363,1
364,3
365,1
366,3
367,2
368,1
369,3
370,8
371,2
372,3
373,4
374,3
375,4
376,1
377,5
378,3
379,2
380,6
381,5
382,2
383,2
384,4
385,4
386,9
387,5
388,3
389,4
390,4
391,3
392,4
393,1
394,3
395,3
396,4
397,3
398,4
399,1
400,5
401,2
402,1
403,4
404,3
405,1
406,6
407,1
408,4
409,4
410,4
411,3
412,3
413,3
414,6
415,4
416,1
417,4
418,4
419,3
420,2
421,3
422,4
423,2
424,1
425,3
426,8
427,3
428,1
429,2
430,3
431,3
432,7
433,4
434,9
435,9
436,9
437,1
438,4
439,1
440,1
441,3
442,3
443,2
444,4
445,3
446,2
447,3
448,3
449,4
450,1
451,1
452,7
453,3
454,1
455,4
456,2
457,7
458,1
459,3
460,3
461,4
462,3
463,3
464,1
465,1
466,1
467,2
468,3
469,4
470,2
471,4
472,3
473,4
474,5
475,4
476,4
477,4
478,4
479,4
480,5
481,6
482,6
483,4
484,3
485,2
486,3
487,4
488,9
489,4
490,9
491,4
492,7
493,4
494,4
495,2
496,4
497,3
498,4
499,5
500,3
501,1
502,5
503,4
504,5
505,4
506,3
507,7
508,6
509,4
510,3
511,3
512,3
513,4
514,3
515,12
516,4
517,3
518,3
519,4
520,4
521,4
522,4
523,3
524,5
525,4
526,6
527,7
528,4
529,3
530,3
531,2
532,1
533,4
534,1
535,2
536,3
537,3
538,3
539,1
540,2
541,1
542,3
543,3
544,1
545,2
546,7
547,2
548,4
549,3
550,3
551,4
552,3
553,1
554,3
555,3
556,4
557,3
558,7
559,5
560,4
561,2
562,7
563,6
564,8
565,4
566,4
567,3
568,3
569,4
570,4
571,3
572,3
573,3
574,4
575,6
576,3
577,5
578,4
579,4
580,8
581,4
582,4
583,4
584,4
585,4
586,4
587,5
588,7
589,4
590,8
591,4
592,7
593,3
594,4
595,2
596,4
597,4
598,4
599,3
600,7
601,3
602,6
603,3
604,4
605,7
606,1
607,4
608,3
609,1
610,7
611,14
612,4
613,4
614,4
615,4
616,4
617,3
618,4
619,7
620,7
621,14
622,3
623,3
624,3
625,7
626,1
627,3
628,5
629,3
630,7
631,4
632,1
633,3
634,3
635,7
636,3
637,4
638,4
639,4
640,4
641,1
642,1
643,4
644,3
645,3
646,4
647,4
648,1
649,7
650,3
651,3
652,3
653,4
654,4
655,9
656,4
657,1
658,7
659,8
660,4
661,4
662,4
663,4
664,9
665,3
666,4
667,4
668,3
669,1
670,4
671,9
672,3
673,7
674,1
675,4
676,4
677,1
678,4
679,1
680,5
681,9
682,4
683,3
684,5
685,2
686,5
687,4
688,2
689,3
690,4
691,3
692,3
693,8
694,5
695,4
696,5
697,7
698,3
699,4
700,6
701,4
702,4
703,4
704,4
705,2
706,1
707,3
708,4
709,4
710,7
711,4
712,4
713,4
714,2
715,5
716,4
717,4
718,4
719,4
720,4
721,4
722,4
723,8
724,1
725,1
726,3
727,6
728,3
729,1
730,3
731,2
732,8
733,6
734,3
735,7
736,3
737,7
738,4
739,3
740,1
741,4
742,1
743,6
744,4
745,1
746,2
747,3
748,1
749,1
750,4
751,4
752,5
753,1
754,7
755,7
756,5
757,7
758,4
759,4
760,3
761,1
762,4
763,1
764,1
765,1
766,4
767,1
768,4
769,4
770,3
771,4
772,1
773,1
774,3
775,3
776,3
777,2
778,4
779,9
780,2
781,2
782,4
783,2
784,4
785,1
786,4
787,4
788,4
789,8
790,4
791,3
792,3
793,6
794,6
795,4
796,3
797,4
798,4
799,3
800,4
801,3
802,3
803,4
804,3
805,3
806,4
807,2
808,4
809,4
810,3
811,9
812,3
813,1
814,2
815,3
816,5
817,3
818,3
819,2
820,1
821,7
822,8
823,5
824,3
825,7
826,4
827,3
828,1
829,3
830,2
831,1
832,1
833,4
834,4
835,3
836,4
837,6
838,3
839,3
840,4
841,6
842,4
843,4
844,3
845,4
846,4
847,9
848,3
849,4
850,4
851,3
852,3
853,4
854,7
855,6
856,4
857,3
858,3
859,3
860,3
861,5
862,4
863,4
864,4
865,3
866,1
867,1
868,5
869,3
870,3
871,1
872,3
873,1
874,5
875,3
876,1
877,1
878,4
879,7
880,2
881,4
882,2
883,7
884,2
885,4
886,4
887,4
888,2
889,6
890,7
891,3
892,4
893,4
894,1
895,2
896,4
897,3
898,1
899,3
900,4
901,3
902,1
903,3
904,3
905,6
906,4
907,3
908,3
909,1
910,2
911,3
912,7
913,4
914,15
915,4
916,3
917,7
918,4
919,1
920,3
921,7
922,3
923,4
924,5
925,4
926,4
927,1
928,3
929,3
930,7
931,3
932,7
933,4
934,9
935,4
936,3
937,5
938,14
939,4
940,3
941,2
942,5
943,4
944,3
945,3
946,3
947,3
948,3
949,4
950,1
951,3
952,3
953,3
954,4
955,12
956,4
957,4
958,3
959,5
960,2
961,3
962,1
963,1
964,4
965,3
966,4
967,4
968,4
969,1
970,1
971,1
972,2
973,1
974,3
975,4
976,7
977,3
978,1
979,5
980,4
981,2
982,5
983,4
984,4
985,4
986,1
987,1
988,2
989,4
990,3
991,4
992,3
993,8
994,1
995,3
996,1
997,4
998,4
999,7
1000,3
1001,3
1002,7
1003,2
1004,7
1005,7
1006,4
1007,2
1008,3
1009,6
1010,9
1011,1
1012,1
1013,3
1014,4
1015,3
1016,2
1017,4
1018,4
1019,1
1020,2
1021,3
1022,3
1023,1
1024,4
1025,3
1026,3
1027,1
1028,4
1029,4
1030,4
1031,1
1032,3
1033,4
1034,3
1035,4
1036,3
1037,3
1038,4
1039,1
1040,6
1041,4
1042,4
1043,5
1044,8
1045,4
1046,1
1047,3
1048,3
1049,3
1050,1
1051,3
1052,3
1053,4
1054,3
1055,3
1056,7
1057,3
1058,1
1059,4
1060,4
1061,4
1062,4
1063,4
1064,9
1065,4
1066,4
1067,4
1068,2
1069,3
1070,4
1071,7
1072,7
1073,1
1074,4
1075,1
1076,4
1077,4
1078,7
1079,1
1080,4
1081,4
1082,4
1083,1
1084,4
1085,4
1086,3
1087,7
1088,9
1089,1
1090,4
1091,3
1092,15
1093,4
1094,4
1095,3
1096,3
1097,4
1098,4
1099,1
1100,1
1101,7
1102,2
1103,5
1104,3
1105,4
1106,3
1107,3
1108,3
1109,7
1110,15
1111,1
1112,1
1113,7
1114,1
1115,5
1116,4
1117,3
1118,5
1119,1
1120,1
1121,4
1122,3
1123,1
1124,3
1125,4
1126,9
1127,4
1128,3
1129,4
1130,2
1131,3
1132,3
1133,1
1134,9
1135,7
1136,4
1137,4
1138,1
1139,1
1140,3
1141,3
1142,8
1143,6
1144,2
1145,1
1146,1
1147,6
1148,3
1149,4
1150,1
1151,4
1152,5
1153,4
1154,4
1155,3
1156,6
1157,3
1158,1
1159,8
1160,7
1161,9
1162,4
1163,1
1164,6
1165,3
1166,3
1167,5
1168,1
1169,2
1170,2
1171,3
1172,5
1173,1
1174,7
1175,6
1176,3
1177,3
1178,9
1179,2
1180,2
1181,1
1182,4
1183,1
1184,2
1185,4
1186,7
1187,3
1188,3
1189,6
1190,1
1191,2
1192,7
1193,3
1194,4
1195,2
1196,3
1197,7
1198,4
1199,4
1200,3
1201,1
1202,4
1203,4
1204,1
1205,3
1206,3
1207,4
1208,3
1209,3
1210,3
1211,4
1212,7
1213,4
1214,4
1215,7
1216,1
1217,4
1218,3
1219,7
1220,7
1221,1
1222,7
1223,7
1224,1
1225,7
1226,2
1227,7
1228,4
1229,1
1230,1
1231,1
1232,4
1233,3
1234,4
1235,7
1236,7
1237,4
1238,4
1239,1
1240,4
1241,15
1242,1
1243,4
1244,3
1245,3
1246,4
1247,6
1248,7
1249,2
1250,7
1251,1
1252,4
1253,7
1254,4
1255,3
1256,3
1257,3
1258,7
1259,1
1260,3
1261,4
1262,4
1263,1
1264,2
1265,4
1266,3
1267,1
1268,9
1269,4
1270,7
1271,6
1272,6
1273,4
1274,1
1275,3
1276,1
1277,7
1278,1
1279,3
1280,1
1281,2
1282,3
1283,1
1284,3
1285,6
1286,2
1287,4
1288,7
1289,1
1290,4
1291,4
1292,3
1293,4
1294,1
1295,3
1296,7
1297,4
1298,7
1299,6
1300,3
1301,6
1302,4
1303,1
1304,4
1305,4
1306,7
1307,8
1308,1
1309,4
1310,7
1311,3
1312,4
1313,3
1314,5
1315,2
1316,4
1317,1
1318,1
1319,3
1320,1
1321,1
1322,1
1323,9
1324,4
1325,4
1326,1
1327,4
1328,1
1329,3
1330,6
1331,4
1332,3
1333,1
1334,4
1335,7
1336,3
1337,5
1338,4
1339,2
1340,2
1341,4
1342,5
1343,3
1344,1
1345,4
1346,3
1347,4
1348,4
1349,3
1350,4
1351,9
1352,11
1353,4
1354,3
1355,9
1356,4
1357,3
1358,3
1359,3
1360,1
1361,1
1362,7
1363,6
1364,7
1365,4
1366,1
1367,7
1368,7
1369,4
1370,1
1371,5
1372,4
1373,4
1374,4
1375,4
1376,1
1377,1
1378,10
1379,3
1380,4
1381,3
1382,2
1383,4
1384,1
1385,7
1386,1
1387,3
1388,9
1389,3
1390,3
1391,3
1392,4
1393,4
1394,1
1395,3
1396,3
1397,1
1398,4
1399,4
1400,4
1401,1
1402,3
1403,3
1404,6
1405,4
1406,3
1407,2
1408,7
1409,4
1410,6
1411,3
1412,1
1413,4
1414,1
1415,4
1416,3
1417,4
1418,4
1419,4
1420,8
1421,2
1422,2
1423,4
1424,3
1425,3
1426,15
1427,2
1428,4
1429,7
1430,4
1431,1
1432,1
1433,4
1434,2
1435,4
1436,3
1437,4
1438,3
1439,9
1440,7
1441,4
1442,3
1443,3
1444,1
1445,6
1446,3
1447,1
1448,4
1449,4
1450,4
1451,9
1452,3
1453,1
1454,4
1455,6
1456,6
1457,6
1458,4
1459,1
1460,7
1461,4
1462,3
1463,4
1464,4
1465,4
1466,4
1467,3
1468,1
1469,9
1470,4
1471,7
1472,3
1473,3
1474,4
1475,3
1476,4
1477,2
1478,4
1479,3
1480,3
1481,4
1482,4
1483,4
1484,3
1485,4
1486,4
1487,3
1488,7
1489,7
1490,7
1491,4
1492,4
1493,4
1494,1
1495,4
1496,3
1497,4
1498,3
1499,3
1500,6
1501,4
1502,1
1503,1
1504,4
1505,4
1506,4
1507,7
1508,2
1509,4
1510,4
1511,3
1512,7
1513,4
1514,7
1515,6
1516,2
1517,7
1518,2
1519,7
1520,3
1521,3
1522,1
1523,9
1524,3
1525,3
1526,3
1527,4
1528,15
1529,1
1530,1
1531,1
1532,4
1533,1
1534,3
1535,6
1536,3
1537,4
1538,3
1539,3
1540,3
1541,3
1542,4
1543,3
1544,4
1545,4
1546,3
1547,9
1548,9
1549,6
1550,3
1551,4
1552,4
1553,4
1554,4
1555,4
1556,7
1557,4
1558,3
1559,1
1560,3
1561,3
1562,3
1563,8
1564,1
1565,1
1566,1
1567,4
1568,3
1569,1
1570,3
1571,2
1572,2
1573,3
1574,7
1575,4
1576,3
1577,5
1578,4
1579,3
1580,1
1581,2
1582,3
1583,4
1584,4
1585,4
1586,1
1587,3
1588,7
1589,4
1590,3
1591,3
1592,4
1593,4
1594,5
1595,3
1596,4
1597,4
1598,7
1599,3
1600,5
1601,1
1602,6
1603,8
1604,4
1605,4
1606,6
1607,3
1608,5
1609,1
1610,3
1611,7
1612,1
1613,3
1614,4
1615,5
1616,4
1617,2
1618,1
1619,7
1620,4
1621,2
1622,7
1623,4
1624,1
1625,3
1626,6
1627,1
1628,4
1629,4
1630,4
1631,4
1632,1
1633,7
1634,9
1635,1
1636,4
1637,7
1638,1
1639,1
1640,7
1641,3
1642,4
1643,4
1644,4
1645,6
1646,1
1647,7
1648,3
1649,3
1650,9
1651,3
1652,1
1653,5
1654,7
1655,3
1656,7
1657,3
1658,4
1659,3
1660,4
1661,2
1662,1
1663,4
1664,3
1665,7
1666,1
1667,7
1668,4
1669,1
1670,3
1671,4
1672,1
1673,7
1674,1
1675,4
1676,4
1677,4
1678,5
1679,4
1680,9
1681,4
1682,3
1683,4
1684,3
1685,4
1686,3
1687,4
1688,4
1689,8
1690,7
1691,4
1692,1
1693,1
1694,2
1695,3
1696,4
1697,3
1698,9
1699,3
1700,3
1701,4
1702,4
1703,2
1704,3
1705,4
1706,3
1707,7
1708,1
1709,4
1710,4
1711,3
1712,3
1713,15
1714,3
1715,9
1716,2
1717,4
1718,3
1719,3
1720,3
1721,7
1722,4
1723,6
1724,4
1725,4
1726,4
1727,7
1728,2
1729,4
1730,6
1731,3
1732,1
1733,6
1734,1
1735,4
1736,2
1737,6
1738,4
1739,3
1740,1
1741,4
1742,4
1743,4
1744,3
1745,6
1746,3
1747,5
1748,4
1749,7
1750,7
1751,1
1752,3
1753,4
1754,4
1755,3
1756,1
1757,7
1758,4
1759,4
1760,1
1761,4
1762,4
1763,5
1764,4
1765,7
1766,4
1767,7
1768,4
1769,6
1770,4
1771,4
1772,3
1773,4
1774,4
1775,2
1776,1
1777,4
1778,1
1779,2
1780,4
1781,1
1782,4
1783,4
1784,2
1785,7
1786,4
1787,2
1788,6
1789,7
1790,3
1791,1
1792,4
1793,4
1794,1
1795,1
1796,1
1797,3
1798,2
1799,1
1800,1
1801,3
1802,1
1803,3
1804,7
1805,7
1806,4
1807,1
1808,3
1809,3
1810,3
1811,3
1812,5
1813,9
1814,3
1815,3
1816,5
1817,3
1818,4
1819,1
1820,7
1821,5
1822,3
1823,4
1824,6
1825,3
1826,9
1827,4
1828,7
1829,4
1830,3
1831,4
1832,3
1833,3
1834,3
1835,3
1836,15
1837,4
1838,3
1839,2
1840,7
1841,4
1842,4
1843,6
1844,4
1845,7
1846,3
1847,7
1848,3
1849,3
1850,7
1851,4
1852,3
1853,6
1854,3
1855,5
1856,4
1857,3
1858,3
1859,4
1860,6
1861,2
1862,3
1863,3
1864,4
1865,3
1866,3
1867,4
1868,4
1869,1
1870,4
1871,1
1872,3
1873,5
1874,4
1875,2
1876,4
1877,3
1878,8
1879,4
1880,6
1881,4
1882,3
1883,7
1884,3
1885,3
1886,1
1887,6
1888,3
1889,4
1890,4
1891,4
1892,3
1893,3
1894,3
1895,7
1896,1
1897,1
1898,1
1899,7
1900,3
1901,4
1902,4
1903,4
1904,7
1905,1
1906,4
1907,4
1908,8
1909,3
1910,1
1911,4
1912,3
1913,1
1914,1
1915,1
1916,6
1917,9
1918,3
1919,1
1920,1
1921,4
1922,2
1923,4
1924,1
1925,4
1926,4
1927,1
1928,4
1929,4
1930,4
1931,2
1932,6
1933,4
1934,4
1935,3
1936,2
1937,4
1938,1
1939,7
1940,4
1941,3
1942,7
1943,4
1944,1
1945,1
1946,4
1947,3
1948,7
1949,7
1950,3
1951,4
1952,1
1953,3
1954,2
1955,3
1956,4
1957,5
1958,9
1959,4
1960,9
1961,4
1962,1
1963,4
1964,4
1965,1
1966,4
1967,3
1968,7
1969,8
1970,4
1971,3
1972,4
1973,4
1974,3
1975,7
1976,9
1977,4
1978,4
1979,4
1980,3
1981,3
1982,3
1983,1
1984,5
1985,3
1986,3
1987,4
1988,1
1989,1
1990,4
1991,6
1992,3
1993,3
1994,3
1995,3
1996,3
1997,6
1998,3
1999,1
2000,1
2001,4
2002,4
2003,5
2004,5
2005,5
2006,3
2007,1
2008,4
2009,1
2010,9
2011,7
2012,3
2013,7
2014,1
2015,3
2016,1
2017,5
2018,3
2019,3
2020,4
2021,1
2022,4
2023,3
2024,3
2025,4
2026,4
2027,7
2028,4
2029,4
2030,4
2031,4
2032,3
2033,3
2034,6
2035,1
2036,3
2037,4
2038,7
2039,9
2040,7
2041,4
2042,2
2043,4
2044,9
2045,3
2046,4
2047,4
2048,1
2049,4
2050,2
2051,4
2052,1
2053,4
2054,9
2055,4
2056,4
2057,4
2058,3
2059,6
2060,3
2061,1
2062,4
2063,6
2064,4
2065,4
2066,3
2067,2
2068,4
2069,1
2070,1
2071,3
2072,4
2073,5
2074,2
2075,2
2076,4
2077,7
2078,1
2079,4
2080,3
2081,4
2082,4
2083,4
2084,7
2085,4
2086,4
2087,4
2088,7
2089,4
2090,4
2091,3
2092,1
2093,7
2094,3
2095,4
2096,7
2097,1
2098,3
2099,4
2100,1
2101,3
2102,4
2103,2
2104,4
2105,1
2106,5
2107,1
2108,1
2109,6
2110,2
2111,3
2112,3
2113,4
2114,4
2115,8
2116,3
2117,9
2118,2
2119,9
2120,4
2121,4
2122,9
2123,3
2124,3
2125,3
2126,4
2127,15
2128,7
2129,6
2130,4
2131,3
2132,4
2133,3
2134,7
2135,4
2136,6
2137,7
2138,7
2139,4
2140,4
2141,4
2142,7
2143,1
2144,1
2145,7
2146,1
2147,6
2148,8
2149,5
2150,1
2151,1
2152,3
2153,4
2154,3
2155,9
2156,6
2157,4
2158,4
2159,4
2160,7
2161,2
2162,6
2163,1
2164,2
2165,3
2166,5
2167,4
2168,4
2169,4
2170,15
2171,3
2172,3
2173,6
2174,4
2175,3
2176,7
2177,1
2178,5
2179,4
2180,4
2181,4
2182,1
2183,3
2184,4
2185,4
2186,4
2187,7
2188,4
2189,6
2190,3
2191,1
2192,1
2193,4
2194,4
2195,4
2196,4
2197,1
2198,4
2199,4
2200,1
2201,4
2202,9
2203,5
2204,1
2205,2
2206,1
2207,4
2208,4
2209,4
2210,4
2211,2
2212,1
2213,1
2214,4
2215,1
2216,4
2217,4
2218,3
2219,4
2220,9
2221,4
2222,5
2223,1
2224,4
2225,4
2226,7
2227,4
2228,4
2229,1
2230,4
2231,3
2232,3
2233,1
2234,1
2235,4
2236,4
2237,7
2238,7
2239,4
2240,4
2241,3
2242,7
2243,4
2244,1
2245,1
2246,4
2247,4
2248,1
2249,4
2250,9
2251,1
2252,4
2253,2
2254,4
2255,3
2256,1
2257,15
2258,2
2259,4
2260,3
2261,4
2262,3
2263,3
2264,3
2265,6
2266,1
2267,3
2268,4
2269,2
2270,4
2271,6
2272,3
2273,2
2274,3
2275,9
2276,7
2277,5
2278,7
2279,1
2280,9
2281,3
2282,3
2283,4
2284,4
2285,3
2286,3
2287,1
2288,3
2289,4
2290,3
2291,5
2292,4
2293,4
2294,1
2295,1
2296,1
2297,4
2298,3
2299,4
2300,9
2301,9
2302,4
2303,7
2304,4
2305,1
2306,4
2307,2
2308,4
2309,4
2310,7
2311,4
2312,7
2313,4
2314,7
2315,6
2316,4
2317,1
2318,3
2319,2
2320,6
2321,1
2322,3
2323,4
2324,3
2325,3
2326,2
2327,3
2328,3
2329,3
2330,4
2331,3
2332,1
2333,1
2334,9
2335,2
2336,7
2337,3
2338,3
2339,3
2340,4
2341,4
2342,1
2343,2
2344,1
2345,1
2346,1
2347,4
2348,1
2349,4
2350,5
2351,4
2352,4
2353,3
2354,9
2355,4
2356,4
2357,7
2358,3
2359,4
2360,1
2361,2
2362,1
2363,4
2364,4
2365,4
2366,4
2367,1
2368,6
2369,3
2370,3
2371,4
2372,3
2373,4
2374,1
2375,1
2376,3
2377,4
2378,7
2379,5
2380,4
2381,4
2382,4
2383,1
2384,7
2385,4
2386,1
2387,1
2388,1
2389,1
2390,4
2391,4
2392,7
2393,4
2394,7
2395,7
2396,9
2397,4
2398,1
2399,4
2400,13
2401,4
2402,1
2403,1
2404,9
2405,4
2406,4
2407,1
2408,3
2409,13
2410,1
2411,1
2412,9
2413,4
2414,4
2415,2
2416,3
2417,3
2418,4
2419,1
2420,9
2421,9
2422,1
2423,4
2424,4
2425,7
2426,9
2427,1
2428,6
2429,3
2430,3
2431,4
2432,4
2433,7
2434,1
2435,4
2436,4
2437,3
2438,6
2439,7
2440,4
2441,1
2442,8
2443,8
2444,3
2445,5
2446,2
2447,9
2448,3
2449,4
2450,4
2451,4
2452,4
2453,3
2454,1
2455,4
2456,3
2457,5
2458,1
2459,4
2460,1
2461,3
2462,3
2463,4
2464,1
2465,3
2466,3
2467,3
2468,4
2469,7
2470,1
2471,3
2472,1
2473,7
2474,6
2475,4
2476,4
2477,3
2478,3
2479,3
2480,3
2481,4
2482,2
2483,5
2484,3
2485,3
2486,4
2487,3
2488,7
2489,3
2490,3
2491,7
2492,1
2493,9
2494,4
2495,7
2496,4
2497,4
2498,5
2499,4
2500,4
2501,7
2502,1
2503,4
2504,1
2505,4
2506,1
2507,6
2508,1
2509,4
2510,4
2511,9
2512,7
2513,3
2514,2
2515,4
2516,1
2517,3
2518,9
2519,3
2520,4
2521,3
2522,1
2523,5
2524,9
2525,3
2526,4
2527,3
2528,1
2529,4
2530,3
2531,1
2532,1
2533,4
2534,4
2535,3
2536,3
2537,6
2538,1
2539,1
2540,1
2541,4
2542,3
2543,1
2544,4
2545,4
2546,4
2547,4
2548,4
2549,5
2550,2
2551,1
2552,7
2553,4
2554,3
2555,2
2556,7
2557,4
2558,7
2559,4
2560,3
2561,4
2562,4
2563,1
2564,4
2565,1
2566,3
2567,4
2568,1
2569,9
2570,1
2571,4
2572,4
2573,9
2574,2
2575,1
2576,4
2577,1
2578,4
2579,3
2580,3
2581,1
2582,6
2583,2
2584,3
2585,7
2586,3
2587,6
2588,1
2589,5
2590,1
2591,3
2592,3
2593,4
2594,2
2595,3
2596,3
2597,3
2598,7
2599,7
2600,4
2601,4
2602,3
2603,4
2604,1
2605,9
2606,7
2607,1
2608,3
2609,9
2610,4
2611,1
2612,9
2613,4
2614,3
2615,4
2616,3
2617,3
2618,3
2619,4
2620,3
2621,3
2622,3
2623,1
2624,5
2625,4
2626,4
2627,9
2628,3
2629,6
2630,7
2631,4
2632,6
2633,3
2634,3
2635,3
2636,3
2637,1
2638,7
2639,1
2640,4
2641,1
2642,5
2643,4
2644,4
2645,4
2646,7
2647,4
2648,1
2649,3
2650,1
2651,4
2652,4
2653,3
2654,1
2655,6
2656,1
2657,4
2658,7
2659,7
2660,7
2661,4
2662,4
2663,3
2664,7
2665,2
2666,4
2667,2
2668,4
2669,5
2670,3
2671,4
2672,7
2673,3
2674,3
2675,1
2676,1
2677,7
2678,1
2679,4
2680,4
2681,1
2682,4
2683,1
2684,7
2685,3
2686,1
2687,4
2688,1
2689,9
2690,4
2691,3
2692,1
2693,1
2694,3
2695,4
2696,1
2697,4
2698,4
2699,6
2700,3
2701,3
2702,3
2703,7
2704,5
2705,4
2706,1
2707,2
2708,3
2709,7
2710,7
2711,6
2712,4
2713,2
2714,3
2715,1
2716,2
2717,1
2718,4
2719,4
2720,4
2721,4
2722,3
2723,1
2724,2
2725,3
2726,9
2727,4
2728,7
2729,7
2730,5
2731,4
2732,4
2733,9
2734,3
2735,9
2736,4
2737,1
2738,3
2739,4
2740,3
2741,6
2742,3
2743,4
2744,3
2745,1
2746,1
2747,4
2748,3
2749,1
2750,7
2751,7
2752,3
2753,3
2754,3
2755,4
2756,7
2757,4
2758,7
2759,3
2760,3
2761,3
2762,4
2763,9
2764,2
2765,3
2766,1
2767,7
2768,9
2769,3
2770,4
2771,1
2772,5
2773,3
2774,3
2775,2
2776,6
2777,3
2778,3
2779,3
2780,2
2781,1
2782,7
2783,3
2784,3
2785,2
2786,3
2787,3
2788,3
2789,5
2790,15
2791,3
2792,2
2793,4
2794,15
2795,4
2796,4
2797,4
2798,3
2799,4
2800,3
2801,3
2802,1
2803,3
2804,4
2805,7
2806,2
2807,4
2808,3
2809,4
2810,4
2811,4
2812,2
2813,4
2814,6
2815,2
2816,9
2817,1
2818,3
2819,5
2820,7
2821,4
2822,3
2823,3
2824,4
2825,4
2826,1
2827,4
2828,4
2829,3
2830,7
2831,8
2832,3
2833,4
2834,7
2835,3
2836,4
2837,7
2838,5
2839,3
2840,1
2841,4
2842,3
2843,4
2844,1
2845,7
2846,4
2847,9
2848,3
2849,6
2850,7
2851,3
2852,4
2853,3
2854,1
2855,2
2856,5
2857,3
2858,4
2859,1
2860,2
2861,1
2862,3
2863,4
2864,4
2865,4
2866,4
2867,3
2868,6
2869,3
2870,7
2871,3
2872,9
2873,4
2874,3
2875,4
2876,3
2877,3
2878,4
2879,6
2880,4
2881,1
2882,3
2883,7
2884,4
2885,2
2886,4
2887,4
2888,1
2889,9
2890,4
2891,4
2892,4
2893,1
2894,4
2895,7
2896,4
2897,4
2898,4
2899,1
2900,5
2901,6
2902,7
2903,1
2904,9
2905,6
2906,3
2907,3
2908,1
2909,4
2910,4
2911,4
2912,4
2913,4
2914,4
2915,4
2916,2
2917,1
2918,1
2919,3
2920,1
2921,4
2922,3
2923,9
2924,5
2925,7
2926,6
2927,3
2928,3
2929,3
2930,9
2931,4
2932,1
2933,1
2934,1
2935,3
2936,4
2937,4
2938,3
2939,4
2940,9
2941,7
2942,3
2943,3
2944,1
2945,3
2946,3
2947,4
2948,3
2949,3
2950,2
2951,1
2952,1
2953,1
2954,3
2955,3
2956,3
2957,1
2958,3
2959,7
2960,2
2961,3
2962,3
2963,4
2964,4
2965,3
2966,4
2967,9
2968,1
2969,4
2970,1
2971,4
2972,4
2973,9
2974,2
2975,4
2976,6
2977,7
2978,3
2979,4
2980,4
2981,4
2982,7
2983,3
2984,4
2985,1
2986,3
2987,6
2988,4
2989,1
2990,4
2991,6
2992,3
2993,4
2994,5
2995,3
2996,4
2997,3
2998,9
2999,2
3000,6
3001,7
3002,4
3003,3
3004,1
3005,3
3006,6
3007,3
3008,4
3009,4
3010,4
3011,3
3012,4
3013,4
3014,3
3015,1
3016,1
3017,3
3018,4
3019,9
3020,4
3021,4
3022,4
3023,1
3024,10
3025,3
3026,4
3027,7
3028,1
3029,3
3030,4
3031,7
3032,4
3033,7
3034,3
3035,4
3036,1
3037,1
3038,5
3039,4
3040,4
3041,4
3042,4
3043,4
3044,4
3045,4
3046,4
3047,3
3048,9
3049,4
3050,4
3051,3
3052,1
3053,3
3054,1
3055,6
3056,4
3057,4
3058,1
3059,4
3060,4
3061,7
3062,7
3063,6
3064,3
3065,3
3066,4
3067,4
3068,9
3069,2
3070,4
3071,1
3072,1
3073,3
3074,1
3075,7
3076,2
3077,3
3078,2
3079,4
3080,2
3081,3
3082,3
3083,3
3084,3
3085,2
3086,3
3087,3
3088,3
3089,3
3090,4
3091,1
3092,5
3093,2
3094,3
3095,9
3096,1
3097,4
3098,4
3099,14
3100,5
3101,3
3102,4
3103,7
3104,6
3105,6
3106,3
3107,4
3108,1
3109,3
3110,1
3111,5
3112,4
3113,2
3114,1
3115,9
3116,3
3117,3
3118,5
3119,1
3120,6
3121,1
3122,3
3123,3
3124,7
3125,5
3126,4
3127,4
3128,6
3129,4
3130,3
3131,3
3132,9
3133,3
3134,7
3135,6
3136,3
3137,5
3138,1
3139,3
3140,3
3141,3
3142,2
3143,3
3144,4
3145,4
3146,4
3147,4
3148,3
3149,4
3150,4
3151,4
3152,4
3153,4
3154,6
3155,1
3156,4
3157,5
3158,4
3159,4
3160,9
3161,4
3162,3
3163,5
3164,4
3165,3
3166,4
3167,2
3168,9
3169,1
3170,4
3171,4
3172,1
3173,4
3174,3
3175,4
3176,4
3177,3
3178,1
3179,1
3180,7
3181,4
3182,3
3183,3
3184,6
3185,6
3186,4
3187,9
3188,3
3189,2
3190,3
3191,2
3192,3
3193,6
3194,4
3195,1
3196,7
3197,6
3198,3
3199,7
3200,4
3201,5
3202,4
3203,7
3204,4
3205,4
3206,1
3207,1
3208,3
3209,1
3210,3
3211,1
3212,3
3213,7
3214,1
3215,2
3216,1
3217,2
3218,3
3219,4
3220,4
3221,1
3222,1
3223,4
3224,2
3225,1
3226,4
3227,4
3228,3
3229,9
3230,4
3231,1
3232,4
3233,1
3234,1
3235,4
3236,4
3237,4
3238,4
3239,7
3240,3
3241,4
3242,1
3243,9
3244,3
3245,4
3246,3
3247,1
3248,3
3249,3
3250,4
3251,1
3252,2
3253,15
3254,6
3255,4
3256,6
3257,2
3258,1
3259,2
3260,3
3261,6
3262,7
3263,3
3264,4
3265,3
3266,4
3267,4
3268,3
3269,5
3270,1
3271,3
3272,3
3273,4
3274,4
3275,5
3276,1
3277,7
3278,7
3279,7
3280,3
3281,3
3282,2
3283,2
3284,1
3285,7
3286,4
3287,3
3288,1
3289,3
3290,1
3291,9
3292,5
3293,4
3294,4
3295,4
3296,2
3297,4
3298,1
3299,3
3300,3
3301,1
3302,1
3303,4
3304,3
3305,7
3306,9
3307,5
3308,1
3309,9
3310,4
3311,1
3312,4
3313,4
3314,4
3315,3
3316,9
3317,3
3318,3
3319,5
3320,9
3321,3
3322,4
3323,4
3324,4
3325,3
3326,2
3327,3
3328,4
3329,3
3330,4
3331,4
3332,3
3333,4
3334,1
3335,5
3336,9
3337,2
3338,3
3339,4
3340,9
3341,4
3342,8
3343,1
3344,5
3345,7
3346,4
3347,3
3348,6
3349,3
3350,4
3351,1
3352,4
3353,4
3354,3
3355,1
3356,3
3357,6
3358,1
3359,9
3360,9
3361,3
3362,2
3363,3
3364,4
3365,3
3366,6
3367,4
3368,9
3369,2
3370,5
3371,4
3372,3
3373,4
3374,4
3375,1
3376,6
3377,4
3378,6
3379,1
3380,9
3381,6
3382,1
3383,6
3384,9
3385,6
3386,1
3387,2
3388,6
3389,4
3390,5
3391,4
3392,2
3393,4
3394,6
3395,9
3396,1
3397,5
3398,4
3399,3
3400,2
3401,9
3402,1
3403,7
3404,2
3405,7
3406,7
3407,7
3408,4
3409,3
3410,3
3411,2
3412,9
3413,1
3414,3
3415,6
3416,3
3417,3
3418,3
3419,3
3420,4
3421,5
3422,3
3423,4
3424,5
3425,4
3426,4
3427,1
3428,3
3429,3
3430,2
3431,1
3432,4
3433,7
3434,5
3435,3
3436,4
3437,9
3438,3
3439,3
3440,1
3441,7
3442,4
3443,9
3444,3
3445,3
3446,7
3447,5
3448,9
3449,4
3450,3
3451,9
3452,8
3453,3
3454,6
3455,4
3456,5
3457,3
3458,2
3459,3
3460,5
3461,2
3462,9
3463,7
3464,2
3465,1
3466,6
3467,5
3468,6
3469,7
3470,9
3471,4
3472,4
3473,3
3474,4
3475,4
3476,3
3477,7
3478,1
3479,9
3480,4
3481,7
3482,5
3483,4
3484,7
3485,4
3486,1
3487,4
3488,7
3489,6
3490,4
3491,7
3492,3
3493,4
3494,4
3495,7
3496,3
3497,4
3498,6
3499,1
3500,3
3501,1
3502,6
3503,4
3504,2
3505,4
3506,9
3507,5
3508,7
3509,4
3510,1
3511,1
3512,4
3513,1
3514,6
3515,3
3516,3
3517,4
3518,3
3519,1
3520,3
3521,2
3522,3
3523,1
3524,4
3525,1
3526,4
3527,1
3528,7
3529,5
3530,12
3531,7
3532,4
3533,9
3534,6
3535,4
3536,7
3537,4
3538,4
3539,4
3540,4
3541,7
3542,7
3543,4
3544,7
3545,3
3546,8
3547,3
3548,1
3549,4
3550,4
3551,1
3552,4
3553,7
3554,1
3555,1
3556,3
3557,2
3558,1
3559,3
3560,1
3561,3
3562,3
3563,9
3564,3
3565,4
3566,3
3567,4
3568,5
3569,3
3570,3
3571,1
3572,3
3573,4
3574,1
3575,4
3576,9
3577,4
3578,1
3579,4
3580,4
3581,4
3582,1
3583,4
3584,3
3585,1
3586,1
3587,1
3588,3
3589,1
3590,1
3591,3
3592,6
3593,3
3594,2
3595,6
3596,7
3597,3
3598,3
3599,3
3600,3
3601,9
3602,4
3603,3
3604,3
3605,3
3606,1
3607,1
3608,4
3609,7
3610,4
3611,3
3612,4
3613,3
3614,3
3615,2
3616,4
3617,3
3618,4
3619,3
3620,9
3621,3
3622,3
3623,7
3624,3
3625,3
3626,3
3627,4
3628,3
3629,1
3630,4
3631,3
3632,1
3633,4
3634,3
3635,3
3636,3
3637,1
3638,6
3639,9
3640,3
3641,4
3642,4
3643,4
3644,1
3645,4
3646,5
3647,3
3648,7
3649,9
3650,4
3651,4
3652,1
3653,2
3654,3
3655,5
3656,3
3657,4
3658,4
3659,3
3660,2
3661,3
3662,3
3663,6
3664,7
3665,4
3666,6
3667,3
3668,5
3669,4
3670,7
3671,4
3672,4
3673,9
3674,5
3675,2
3676,4
3677,2
3678,2
3679,5
3680,3
3681,1
3682,4
3683,4
3684,7
3685,1
3686,6
3687,2
3688,6
3689,1
3690,1
3691,3
3692,3
3693,13
3694,5
3695,7
3696,1
3697,4
3698,7
3699,7
3700,1
3701,5
3702,7
3703,7
3704,1
3705,3
3706,4
3707,4
3708,7
3709,6
3710,8
3711,2
3712,9
3713,1
3714,4
3715,7
3716,1
3717,9
3718,7
3719,4
3720,6
3721,4
3722,2
3723,9
3724,4
3725,2
3726,7
3727,4
3728,4
3729,7
3730,2
3731,3
3732,3
3733,4
3734,3
3735,3
3736,3
3737,4
3738,3
3739,4
3740,3
3741,1
3742,2
3743,4
3744,3
3745,3
3746,6
3747,9
3748,3
3749,9
3750,3
3751,2
3752,3
3753,4
3754,2
3755,1
3756,5
3757,9
3758,3
3759,9
3760,1
3761,4
3762,6
3763,3
3764,4
3765,1
3766,1
3767,4
3768,3
3769,4
3770,3
3771,1
3772,1
3773,1
3774,3
3775,9
3776,3
3777,4
3778,1
3779,5
3780,5
3781,7
3782,7
3783,2
3784,5
3785,3
3786,2
3787,2
3788,4
3789,1
3790,1
3791,9
3792,1
3793,6
3794,7
3795,4
3796,4
3797,5
3798,4
3799,4
3800,5
3801,3
3802,4
3803,3
3804,1
3805,4
3806,3
3807,5
3808,3
3809,4
3810,5
3811,3
3812,1
3813,2
3814,4
3815,3
3816,1
3817,1
3818,9
3819,3
3820,3
3821,5
3822,6
3823,3
3824,9
3825,6
3826,1
3827,7
3828,1
3829,4
3830,3
3831,4
3832,5
3833,1
3834,3
3835,1
3836,1
3837,1
3838,3
3839,1
3840,2
3841,4
3842,4
3843,1
3844,1
3845,6
3846,4
3847,4
3848,1
3849,4
3850,1
3851,6
3852,7
3853,3
3854,3
3855,1
3856,3
3857,4
3858,4
3859,9
3860,3
3861,4
3862,4
3863,5
3864,4
3865,9
3866,4
3867,9
3868,4
3869,2
3870,1
3871,4
3872,4
3873,6
3874,3
3875,4
3876,3
3877,6
3878,9
3879,7
3880,9
3881,4
3882,6
3883,4
3884,1
3885,6
3886,3
3887,7
3888,9
3889,7
3890,4
3891,4
3892,3
3893,2
3894,3
3895,1
3896,6
3897,2
3898,4
3899,1
3900,5
3901,3
3902,3
3903,15
3904,3
3905,4
3906,4
3907,3
3908,1
3909,7
3910,4
3911,6
3912,3
3913,2
3914,5
3915,9
3916,3
3917,5
3918,3
3919,9
3920,7
3921,1
3922,4
3923,1
3924,2
3925,9
3926,4
3927,1
3928,3
3929,3
3930,2
3931,3
3932,3
3933,1
3934,3
3935,4
3936,6
3937,3
3938,3
3939,3
3940,4
3941,9
3942,3
3943,4
3944,6
3945,6
3946,3
3947,1
3948,9
3949,3
3950,3
3951,3
3952,6
3953,3
3954,3
3955,4
3956,3
3957,9
3958,1
3959,3
3960,1
3961,3
3962,1
3963,3
3964,3
3965,4
3966,1
3967,7
3968,3
3969,3
3970,2
3971,3
3972,4
3973,5
3974,3
3975,3
3976,3
3977,4
3978,5
3979,9
3980,2
3981,1
3982,4
3983,4
3984,4
3985,4
3986,6
3987,3
3988,3
3989,7
3990,3
3991,3
3992,4
3993,4
3994,2
3995,1
3996,4
3997,4
3998,4
3999,9
4000,2
4001,4
4002,4
4003,1
4004,1
4005,1
4006,3
4007,4
4008,4
4009,3
4010,3
4011,3
4012,4
4013,3
4014,4
4015,4
4016,4
4017,6
4018,4
4019,3
4020,1
4021,3
4022,4
4023,3
4024,4
4025,9
4026,1
4027,2
4028,6
4029,7
4030,1
4031,1
4032,4
4033,5
4034,7
4035,4
4036,1
4037,4
4038,5
4039,4
4040,7
4041,6
4042,4
4043,8
4044,1
4045,1
4046,1
4047,5
4048,4
4049,4
4050,7
4051,4
4052,4
4053,4
4054,1
4055,9
4056,5
4057,3
4058,3
4059,1
4060,1
4061,4
4062,6
4063,1
4064,1
4065,3
4066,3
4067,2
4068,1
4069,4
4070,3
4071,4
4072,6
4073,7
4074,4
4075,7
4076,3
4077,5
4078,1
4079,4
4080,4
4081,3
4082,3
4083,3
4084,9
4085,4
4086,3
4087,3
4088,1
4089,4
4090,3
4091,1
4092,5
4093,1
4094,3
4095,15
4096,1
4097,12
4098,3
4099,3
4100,3
4101,2
4102,3
4103,9
4104,9
4105,1
4106,3
4107,3
4108,4
4109,9
4110,3
4111,3
4112,3
4113,2
4114,4
4115,3
4116,2
4117,7
4118,3
4119,4
4120,3
4121,1
4122,1
4123,13
4124,1
4125,7
4126,6
4127,3
4128,4
4129,3
4130,1
4131,3
4132,4
4133,4
4134,9
4135,3
4136,3
4137,3
4138,4
4139,5
4140,5
4141,3
4142,4
4143,4
4144,4
4145,4
4146,4
4147,3
4148,4
4149,4
4150,3
4151,3
4152,3
4153,3
4154,3
4155,5
4156,6
4157,1
4158,3
4159,2
4160,9
4161,1
4162,4
4163,6
4164,4
4165,1
4166,6
4167,4
4168,3
4169,3
4170,4
4171,9
4172,4
4173,3
4174,4
4175,4
4176,6
4177,1
4178,1
4179,4
4180,9
4181,9
4182,1
4183,6
4184,3
4185,1
4186,9
4187,3
4188,3
4189,4
4190,9
4191,1
4192,8
4193,1
4194,2
4195,1
4196,4
4197,1
4198,1
4199,2
4200,9
4201,4
4202,3
4203,4
4204,3
4205,3
4206,7
4207,3
4208,9
4209,3
4210,6
4211,4
4212,4
4213,1
4214,1
4215,5
4216,1
4217,9
4218,1
4219,9
4220,1
4221,1
4222,3
4223,4
4224,1
4225,3
4226,1
4227,2
4228,3
4229,3
4230,4
4231,4
4232,1
4233,2
4234,4
4235,1
4236,6
4237,2
4238,3
4239,1
4240,3
4241,3
4242,1
4243,3
4244,1
4245,4
4246,3
4247,1
4248,3
4249,7
4250,1
4251,3
4252,4
4253,5
4254,3
4255,4
4256,6
4257,9
4258,7
4259,3
4260,4
4261,3
4262,3
4263,4
4264,9
4265,7
4266,7
4267,3
4268,4
4269,3
4270,2
4271,3
4272,3
4273,9
4274,3
4275,4
4276,4
4277,7
4278,2
4279,1
4280,3
4281,3
4282,3
4283,4
4284,4
4285,4
4286,4
4287,3
4288,4
4289,2
4290,3
4291,3
4292,3
4293,1
4294,9
4295,3
4296,9
4297,1
4298,9
4299,6
4300,5
4301,9
4302,4
4303,1
4304,6
4305,1
4306,4
4307,4
4308,1
4309,3
4310,7
4311,1
4312,3
4313,3
4314,2
4315,2
4316,3
4317,4
4318,4
4319,9
4320,5
4321,2
4322,1
4323,6
4324,5
4325,1
4326,4
4327,7
4328,5
4329,3
4330,3
4331,4
4332,3
4333,1
4334,4
4335,1
4336,3
4337,5
4338,9
4339,3
4340,1
4341,3
4342,7
4343,4
4344,9
4345,4
4346,4
4347,7
4348,1
4349,3
4350,1
4351,2
4352,3
4353,3
4354,5
4355,3
4356,6
4357,4
4358,4
4359,4
4360,7
4361,4
4362,3
4363,2
4364,5
4365,4
4366,4
4367,1
4368,4
4369,3
4370,1
4371,1
4372,9
4373,5
4374,7
4375,4
4376,4
4377,4
4378,4
4379,9
4380,4
4381,6
4382,1
4383,5
4384,4
4385,2
4386,4
4387,6
4388,3
4389,5
4390,7
4391,3
4392,5
4393,4
4394,3
4395,1
4396,4
4397,2
4398,3
4399,1
4400,4
4401,1
4402,3
4403,4
4404,3
4405,9
4406,1
4407,7
4408,2
4409,3
4410,9
4411,4
4412,7
4413,3
4414,4
4415,3
4416,3
4417,3
4418,4
4419,3
4420,6
4421,3
4422,6
4423,2
4424,3
4425,9
4426,4
4427,4
4428,4
4429,3
4430,3
4431,2
4432,5
4433,3
4434,3
4435,3
4436,2
4437,3
4438,3
4439,3
4440,1
4441,3
4442,4
4443,4
4444,1
4445,3
4446,8
4447,3
4448,3
4449,3
4450,3
4451,5
4452,9
4453,3
4454,1
4455,3
4456,4
4457,2
4458,4
4459,1
4460,3
4461,4
4462,1
4463,1
4464,4
4465,5
4466,7
4467,3
4468,7
4469,4
4470,3
4471,4
4472,4
4473,1
4474,3
4475,3
4476,9
4477,4
4478,3
4479,4
4480,7
4481,3
4482,5
4483,3
4484,6
4485,3
4486,6
4487,3
4488,3
4489,3
4490,3
4491,4
4492,6
4493,3
4494,4
4495,4
4496,6
4497,1
4498,4
4499,6
4500,6
4501,4
4502,9
4503,4
4504,1
4505,7
4506,4
4507,4
4508,9
4509,9
4510,2
4511,7
4512,9
4513,5
4514,2
4515,1
4516,7
4517,3
4518,4
4519,3
4520,1
4521,1
4522,3
4523,4
4524,4
4525,3
4526,9
4527,4
4528,6
4529,4
4530,6
4531,1
4532,6
4533,1
4534,4
4535,7
4536,4
4537,3
4538,1
4539,1
4540,1
4541,1
4542,6
4543,4
4544,3
4545,7
4546,1
4547,3
4548,3
4549,2
4550,3
4551,3
4552,1
4553,3
4554,2
4555,1
4556,3
4557,1
4558,3
4559,7
4560,2
4561,3
4562,3
4563,3
4564,2
4565,4
4566,6
4567,3
4568,3
4569,3
4570,3
4571,4
4572,5
4573,4
4574,3
4575,7
4576,4
4577,3
4578,1
4579,3
4580,3
4581,9
4582,3
4583,3
4584,2
4585,3
4586,9
4587,3
4588,4
4589,2
4590,1
4591,5
4592,5
4593,1
4594,6
4595,3
4596,3
4597,7
4598,3
4599,4
4600,4
4601,1
4602,4
4603,4
4604,4
4605,2
4606,6
4607,3
4608,3
4609,3
4610,3
4611,3
4612,3
4613,3
4614,3
4615,4
4616,1
4617,4
4618,9
4619,3
4620,3
4621,3
4622,9
4623,3
4624,3
4625,4
4626,3
4627,9
4628,3
4629,1
4630,4
4631,4
4632,3
4633,9
4634,3
4635,9
4636,3
4637,3
4638,5
4639,1
4640,3
4641,1
4642,1
4643,6
4644,3
4645,3
4646,3
4647,3
4648,3
4649,4
4650,1
4651,4
4652,3
4653,3
4654,15
4655,7
4656,5
4657,1
4658,4
4659,1
4660,4
4661,1
4662,1
4663,3
4664,6
4665,6
4666,1
4667,1
4668,6
4669,7
4670,6
4671,4
4672,6
4673,1
4674,4
4675,4
4676,7
4677,1
4678,3
4679,2
4680,6
4681,3
4682,4
4683,4
4684,3
4685,1
4686,1
4687,1
4688,9
4689,4
4690,4
4691,3
4692,1
4693,4
4694,5
4695,4
4696,14
4697,1
4698,1
4699,4
4700,6
4701,1
4702,5
4703,6
4704,4
4705,4
4706,9
4707,4
4708,1
4709,1
4710,4
4711,3
4712,3
4713,1
4714,3
4715,7
4716,3
4717,1
4718,3
4719,1
4720,6
4721,3
4722,3
4723,2
4724,1
4725,9
4726,6
4727,3
4728,3
4729,3
4730,1
4731,3
4732,3
4733,6
4734,3
4735,1
4736,3
4737,4
4738,4
4739,3
4740,3
4741,3
4742,3
4743,3
4744,3
4745,5
4746,2
4747,1
4748,1
4749,6
4750,4
4751,9
4752,3
4753,6
4754,9
4755,4
4756,3
4757,4
4758,3
4759,1
4760,6
4761,3
4762,6
4763,1
4764,3
4765,14
4766,3
4767,3
4768,3
4769,5
4770,4
4771,9
4772,1
4773,3
4774,4
4775,3
4776,4
4777,6
4778,3
4779,3
4780,6
4781,6
4782,1
4783,3
4784,4
4785,2
4786,3
4787,4
4788,1
4789,4
4790,3
4791,3
4792,4
4793,4
4794,6
4795,9
4796,1
4797,1
4798,5
4799,2
4800,4
4801,3
4802,4
4803,4
4804,7
4805,4
4806,3
4807,2
4808,6
4809,9
4810,7
4811,1
4812,4
4813,6
4814,4
4815,3
4816,4
4817,2
4818,5
4819,9
4820,4
4821,6
4822,6
4823,3
4824,4
4825,5
4826,4
4827,1
4828,4
4829,1
4830,3
4831,1
4832,6
4833,1
4834,1
4835,2
4836,3
4837,4
4838,3
4839,4
4840,1
4841,3
4842,6
4843,9
4844,4
4845,1
4846,9
4847,5
4848,4
4849,6
4850,9
4851,1
4852,5
4853,3
4854,7
4855,2
4856,3
4857,4
4858,4
4859,4
4860,4
4861,4
4862,6
4863,1
4864,3
4865,1
4866,3
4867,4
4868,3
4869,3
4870,3
4871,3
4872,3
4873,3
4874,5
4875,1
4876,7
4877,9
4878,1
4879,3
4880,4
4881,3
4882,9
4883,4
4884,5
4885,1
4886,9
4887,3
4888,6
4889,3
4890,1
4891,3
4892,3
4893,9
4894,3
4895,3
4896,2
4897,2
4898,3
4899,3
4900,3
4901,3
4902,6
4903,9
4904,7
4905,3
4906,3
4907,3
4908,3
4909,5
4910,1
4911,3
4912,1
4913,3
4914,6
4915,3
4916,1
4917,3
4918,6
4919,3
4920,3
4921,1
4922,2
4923,3
4924,6
4925,9
4926,6
4927,1
4928,4
4929,3
4930,3
4931,4
4932,4
4933,6
4934,3
4935,3
4936,3
4937,6
4938,3
4939,3
4940,6
4941,4
4942,1
4943,3
4944,4
4945,4
4946,3
4947,9
4948,3
4949,4
4950,4
4951,3
4952,4
4953,4
4954,1
4955,5
4956,1
4957,2
4958,3
4959,9
4960,3
4961,3
4962,9
4963,4
4964,4
4965,3
4966,3
4967,4
4968,3
4969,3
4970,6
4971,5
4972,2
4973,3
4974,1
4975,9
4976,3
4977,3
4978,3
4979,1
4980,4
4981,6
4982,4
4983,4
4984,3
4985,3
4986,6
4987,7
4988,3
4989,3
4990,9
4991,2
4992,9
4993,4
4994,5
4995,9
4996,3
4997,4
4998,4
4999,6
5000,9
5001,9
5002,4
5003,1
5004,1
5005,5
5006,7
5007,9
5008,4
5009,4
5010,4
5011,3
5012,1
5013,4
5014,6
5015,6
5016,6
5017,4
5018,6
5019,6
5020,3
5021,9
5022,6
5023,6
5024,5
5025,3
5026,6
5027,3
5028,5
5029,3
5030,3
5031,3
5032,6
5033,3
5034,3
5035,4
5036,3
5037,5
5038,3
5039,9
5040,3
5041,9
5042,3
5043,3
5044,5
5045,3
5046,1
5047,3
5048,1
5049,3
5050,2
5051,1
5052,3
5053,10
5054,3
5055,4
5056,3
5057,6
5058,3
5059,7
5060,7
5061,3
5062,4
5063,4
5064,1
5065,4
5066,3
5067,7
5068,3
5069,6
5070,1
5071,3
5072,3
5073,4
5074,3
5075,1
5076,5
5077,4
5078,1
5079,1
5080,4
5081,5
5082,3
5083,3
5084,3
5085,1
5086,9
5087,4
5088,3
5089,3
5090,3
5091,9
5092,3
5093,1
5094,6
5095,9
5096,4
5097,4
5098,3
5099,7
5100,7
5101,6
5102,2
5103,1
5104,1
5105,1
5106,3
5107,6
5108,4
5109,5
5110,9
5111,4
5112,1
5113,1
5114,1
5115,9
5116,1
5117,9
5118,2
5119,1
5120,3
5121,1
5122,1
5123,6
5124,7
5125,4
5126,2
5127,1
5128,1
5129,1
5130,9
5131,4
5132,6
5133,7
5134,6
5135,3
5136,1
5137,6
5138,9
5139,3
5140,7
5141,6
5142,4
5143,4
5144,6
5145,9
5146,4
5147,4
5148,3
5149,9
5150,6
5151,1
5152,4
5153,9
5154,1
5155,6
5156,4
5157,1
5158,1
5159,3
5160,3
5161,6
5162,3
5163,1
5164,4
5165,3
5166,3
5167,9
5168,3
5169,3
5170,6
5171,4
5172,3
5173,6
5174,3
5175,7
5176,3
5177,1
5178,7
5179,3
5180,2
5181,3
5182,1
5183,4
5184,3
5185,4
5186,3
5187,4
5188,3
5189,8
5190,6
5191,3
5192,5
5193,3
5194,1
5195,7
5196,9
5197,3
5198,1
5199,5
5200,3
5201,3
5202,3
5203,3
5204,7
5205,7
5206,2
5207,3
5208,7
5209,3
5210,6
5211,1
5212,3
5213,4
5214,4
5215,3
5216,6
5217,9
5218,3
5219,9
5220,3
5221,3
5222,3
5223,6
5224,9
5225,3
5226,3
5227,3
5228,3
5229,3
5230,6
5231,1
5232,3
5233,4
5234,1
5235,7
5236,1
5237,1
5238,4
5239,5
5240,3
5241,1
5242,6
5243,7
5244,4
5245,3
5246,5
5247,4
5248,4
5249,3
5250,4
5251,3
5252,5
5253,3
5254,4
5255,2
5256,2
5257,7
5258,7
5259,4
5260,4
5261,6
5262,6
5263,2
5264,3
5265,5
5266,6
5267,1
5268,6
5269,3
5270,3
5271,4
5272,6
5273,6
5274,6
5275,3
5276,5
5277,2
5278,3
5279,4
5280,4
5281,9
5282,5
5283,4
5284,4
5285,5
5286,1
5287,9
5288,6
5289,6
5290,4
5291,4
5292,1
5293,6
5294,3
5295,9
5296,6
5297,9
5298,3
5299,9
5300,4
5301,1
5302,4
5303,3
5304,6
5305,1
5306,3
5307,7
5308,4
5309,4
5310,3
5311,4
5312,3
5313,3
5314,1
5315,3
5316,4
5317,3
5318,1
5319,1
5320,3
5321,3
5322,6
5323,3
5324,3
5325,5
5326,3
5327,3
5328,3
5329,1
5330,3
5331,4
5332,2
5333,1
5334,6
5335,9
5336,2
5337,4
5338,3
5339,6
5340,4
5341,9
5342,3
5343,4
5344,3
5345,3
5346,3
5347,9
5348,1
5349,2
5350,2
5351,2
5352,5
5353,1
5354,3
5355,3
5356,5
5357,3
5358,4
5359,9
5360,1
5361,6
5362,9
5363,3
5364,1
5365,2
5366,9
5367,5
5368,3
5369,2
5370,14
5371,9
5372,4
5373,5
5374,2
5375,4
5376,9
5377,6
5378,9
5379,1
5380,2
5381,4
5382,3
5383,4
5384,3
5385,3
5386,4
5387,4
5388,4
5389,3
5390,9
5391,4
5392,2
5393,1
5394,9
5395,6
5396,3
5397,2
5398,9
5399,3
5400,3
5401,3
5402,9
5403,6
5404,4
5405,4
5406,8
5407,1
5408,4
5409,1
5410,8
5411,6
5412,1
5413,3
5414,3
5415,3
5416,1
5417,3
5418,3
5419,2
5420,2
5421,3
