movie_id,director_id,writer_id,star_id
1,1,1,1
2,2,2,2
3,3,3,3
4,4,4,4
5,5,5,5
6,6,6,6
7,7,7,7
8,8,8,8
9,9,9,9
10,10,10,10
11,11,11,11
12,12,12,12
13,13,13,13
14,14,14,14
15,15,15,15
16,16,16,16
17,17,17,17
18,18,18,18
19,19,19,19
20,20,20,20
21,21,21,21
22,22,22,22
23,23,23,23
24,24,24,24
25,25,25,25
26,26,26,26
27,27,27,27
28,28,28,28
29,29,29,29
30,30,30,15
31,31,31,30
32,32,32,31
33,33,33,32
34,34,34,11
35,35,35,33
36,36,36,5
37,37,37,34
38,38,38,35
39,39,39,36
40,40,40,37
41,41,41,38
42,7,42,39
43,18,18,40
44,42,43,41
45,43,44,42
46,15,15,43
47,44,45,44
48,45,46,45
49,46,47,46
50,47,48,47
51,48,49,48
52,49,50,49
53,50,51,50
54,51,52,6
55,52,53,51
56,53,18,52
57,54,54,53
58,55,55,54
59,56,56,55
60,57,57,56
61,58,58,33
62,59,59,57
63,40,60,15
64,60,61,58
65,61,31,59
66,62,62,60
67,63,63,61
68,64,64,62
69,65,65,63
70,66,66,64
71,67,67,65
72,68,68,66
73,69,69,1
74,70,70,67
75,71,71,68
76,72,72,50
77,73,73,69
78,74,74,70
79,75,75,71
80,76,76,8
81,77,77,72
82,78,78,7
83,79,79,73
84,80,80,74
85,81,52,75
86,82,81,5
87,83,82,76
88,84,83,5
89,85,84,77
90,86,85,78
91,87,86,79
92,88,87,80
93,89,88,81
94,90,89,82
95,91,90,83
96,92,91,4
97,93,92,84
98,94,93,44
99,95,23,9
100,96,94,85
101,97,95,17
102,98,96,86
103,99,97,87
104,100,98,88
105,101,99,38
106,18,100,40
107,102,101,89
108,41,102,90
109,103,103,72
110,104,104,24
111,105,105,91
112,40,106,92
113,106,107,93
114,10,108,94
115,107,109,95
116,97,110,96
117,108,111,97
118,58,112,98
119,109,113,62
120,110,114,99
121,8,115,8
122,111,116,72
123,112,117,100
124,113,1,101
125,46,118,21
126,114,119,102
127,24,120,103
128,115,121,104
129,51,122,105
130,34,123,11
131,116,124,106
132,117,125,107
133,80,126,33
134,118,127,108
135,119,128,13
136,120,129,109
137,17,130,48
138,121,131,46
139,122,132,62
140,123,133,110
141,124,105,4
142,125,88,82
143,126,134,111
144,127,135,112
145,128,136,113
146,129,137,34
147,48,138,114
148,130,139,115
149,131,140,77
150,132,124,116
151,133,141,81
152,134,142,94
153,39,143,117
154,135,144,118
155,136,145,119
156,34,146,11
157,13,147,120
158,137,148,121
159,73,73,122
160,138,149,1
161,139,150,48
162,114,33,73
163,140,151,123
164,141,152,124
165,142,153,125
166,143,154,50
167,144,155,126
168,145,156,34
169,146,157,127
170,147,158,128
171,148,159,129
172,149,160,50
173,150,88,130
174,87,161,131
175,15,162,19
176,75,163,132
177,151,41,3
178,152,164,133
179,5,165,5
180,7,166,134
181,9,9,16
182,153,41,135
183,111,167,43
184,154,30,136
185,18,1,137
186,155,168,138
187,93,169,139
188,156,170,140
189,71,11,141
190,157,171,142
191,52,172,51
192,158,68,143
193,159,173,144
194,75,174,145
195,157,175,146
196,160,176,147
197,56,42,148
198,3,177,50
199,43,178,149
200,161,1,60
201,34,179,11
202,93,180,118
203,162,181,24
204,163,182,150
205,164,183,96
206,165,184,133
207,49,185,25
208,166,186,151
209,167,187,152
210,168,188,153
211,169,188,154
212,170,189,155
213,43,190,42
214,171,191,156
215,172,192,115
216,173,193,68
217,174,194,34
218,175,195,133
219,176,196,157
220,177,197,142
221,178,198,158
222,179,199,113
223,103,200,9
224,180,201,159
225,181,202,2
226,182,203,43
227,183,204,160
228,25,205,161
229,184,206,162
230,185,207,163
231,186,208,164
232,96,209,94
233,187,210,165
234,188,211,166
235,189,212,167
236,190,213,59
237,128,214,65
238,191,215,168
239,73,73,169
240,192,216,170
241,193,217,15
242,30,218,171
243,194,219,172
244,73,73,48
245,195,220,173
246,19,164,5
247,196,221,21
248,197,222,174
249,198,223,52
250,91,224,175
251,199,225,176
252,200,226,177
253,197,227,178
254,201,228,58
255,202,229,179
256,203,230,180
257,204,231,181
258,205,232,89
259,206,233,182
260,47,7,47
261,78,234,183
262,207,235,8
263,208,236,109
264,41,237,38
265,15,238,184
266,70,239,185
267,209,240,186
268,210,241,134
269,102,242,187
270,211,243,188
271,85,244,189
272,196,245,190
273,62,246,191
274,212,247,192
275,10,248,193
276,213,165,194
277,214,249,195
278,4,4,196
279,187,101,89
280,215,1,197
281,216,250,198
282,217,251,199
283,218,252,200
284,120,253,23
285,219,254,199
286,220,6,201
287,104,255,202
288,16,125,203
289,221,256,46
290,222,1,204
291,223,257,205
292,224,258,206
293,225,109,95
294,226,259,207
295,72,260,118
296,227,261,208
297,75,262,24
298,18,263,62
299,228,264,209
300,229,265,193
301,59,266,57
302,48,49,48
303,230,267,210
304,229,268,211
305,231,269,212
306,232,270,213
307,138,128,214
308,233,271,215
309,220,272,34
310,57,273,216
311,76,274,8
312,114,275,217
313,234,276,218
314,235,277,88
315,236,278,219
316,23,279,220
317,43,280,72
318,33,281,26
319,237,282,221
320,238,283,47
321,39,143,13
322,179,284,113
323,173,285,222
324,239,286,94
325,240,287,46
326,139,288,223
327,241,26,130
328,235,73,11
329,242,289,20
330,243,290,224
331,244,104,225
332,197,227,226
333,32,32,31
334,245,291,58
335,73,292,58
336,85,293,26
337,246,294,227
338,26,295,58
339,66,296,228
340,247,297,229
341,248,298,230
342,9,299,231
343,249,300,14
344,250,301,232
345,251,302,233
346,213,165,234
347,125,246,235
348,212,303,236
349,19,304,237
350,252,42,238
351,213,165,239
352,217,305,240
353,191,103,72
354,253,306,120
355,101,307,133
356,254,308,241
357,192,309,242
358,50,310,243
359,34,311,11
360,159,236,196
361,222,312,89
362,121,313,38
363,41,314,244
364,153,41,245
365,111,116,72
366,255,315,246
367,125,316,139
368,256,269,247
369,187,101,89
370,257,182,248
371,62,317,249
372,46,47,46
373,8,318,250
374,52,53,51
375,30,319,5
376,250,320,43
377,258,321,251
378,106,322,252
379,259,323,253
380,58,324,96
381,113,325,254
382,100,165,5
383,7,7,5
384,51,326,255
385,260,236,109
386,261,327,256
387,262,122,257
388,263,328,123
389,264,329,258
390,10,330,82
391,83,331,259
392,265,332,174
393,151,333,62
394,211,334,136
395,161,335,192
396,266,336,260
397,7,285,261
398,214,337,262
399,104,338,263
400,267,1,264
401,120,339,265
402,268,340,74
403,269,44,42
404,20,341,266
405,270,342,267
406,24,24,268
407,108,343,192
408,161,1,204
409,271,344,269
410,272,242,270
411,128,345,113
412,179,346,271
413,189,347,272
414,98,348,273
415,273,349,261
416,274,350,274
417,32,32,275
418,275,88,199
419,220,351,34
420,57,287,19
421,276,311,34
422,42,352,276
423,16,271,58
424,139,353,17
425,277,354,48
426,278,355,277
427,56,356,278
428,141,357,96
429,279,358,24
430,280,359,34
431,142,153,279
432,281,360,40
433,83,361,280
434,56,362,281
435,282,363,282
436,283,364,283
437,284,57,9
438,13,365,284
439,143,366,130
440,285,367,285
441,286,368,133
442,205,232,286
443,214,1,287
444,213,165,139
445,287,369,288
446,117,370,289
447,288,371,216
448,18,372,40
449,289,165,194
450,290,162,290
451,206,373,291
452,49,374,237
453,245,375,292
454,157,376,261
455,291,377,293
456,121,378,38
457,292,379,294
458,155,380,266
459,30,381,134
460,225,109,95
461,93,382,295
462,293,351,34
463,294,383,290
464,8,384,33
465,295,385,9
466,34,386,11
467,2,387,296
468,191,388,72
469,75,389,297
470,227,256,8
471,7,390,77
472,296,1,239
473,297,66,298
474,298,391,299
475,235,392,199
476,299,393,300
477,300,69,214
478,301,394,60
479,106,395,301
480,264,329,258
481,226,259,302
482,302,396,303
483,303,326,304
484,304,397,166
485,305,398,305
486,306,399,89
487,32,32,275
488,56,400,306
489,4,401,129
490,307,402,307
491,308,403,308
492,309,404,88
493,33,405,309
494,164,183,96
495,165,406,310
496,310,407,311
497,140,408,62
498,230,267,312
499,311,409,93
500,312,346,271
501,313,410,68
502,106,411,313
503,39,412,94
504,314,413,314
505,162,241,136
506,315,414,171
507,316,386,24
508,317,415,315
509,5,416,13
510,222,251,316
511,318,417,317
512,233,418,318
513,15,419,319
514,190,420,320
515,201,228,321
516,217,421,322
517,179,422,113
518,319,423,323
519,320,424,324
520,224,425,206
521,196,426,325
522,96,209,13
523,179,427,34
524,321,428,326
525,47,429,23
526,322,430,82
527,80,431,17
528,279,432,229
529,189,433,272
530,323,434,48
531,324,435,88
532,80,436,24
533,325,437,327
534,326,438,328
535,327,111,317
536,328,439,329
537,329,440,330
538,330,441,331
539,331,442,332
540,214,434,333
541,1,443,217
542,332,444,89
543,333,445,168
544,334,446,187
545,335,447,334
546,15,69,270
547,61,31,59
548,218,352,144
549,125,448,46
550,336,449,335
551,337,450,336
552,338,125,337
553,155,451,192
554,41,452,338
555,221,453,270
556,46,454,1
557,319,1,89
558,69,455,232
559,114,307,266
560,139,456,120
561,195,30,339
562,290,457,290
563,120,458,13
564,339,239,185
565,213,165,77
566,340,459,26
567,286,413,134
568,123,9,16
569,85,368,236
570,42,43,41
571,62,460,136
572,52,53,340
573,293,461,72
574,225,462,162
575,88,87,341
576,303,448,342
577,18,18,343
578,160,463,68
579,341,464,321
580,342,1,344
581,63,465,345
582,141,466,77
583,343,7,148
584,344,467,319
585,345,312,346
586,346,468,347
587,258,469,182
588,175,470,109
589,347,471,266
590,198,223,295
591,73,401,348
592,348,472,290
593,349,473,54
594,350,474,130
595,351,475,349
596,32,32,275
597,352,169,139
598,353,476,350
599,354,477,351
600,98,478,352
601,179,479,113
602,108,111,353
603,355,480,113
604,356,481,194
605,101,482,135
606,357,262,1
607,309,483,354
608,10,484,94
609,197,227,355
610,71,485,120
611,193,486,15
612,358,487,356
613,246,263,273
614,298,391,357
615,173,488,82
616,359,489,58
617,280,490,187
618,120,129,84
619,330,491,358
620,360,492,16
621,71,493,359
622,361,494,360
623,189,495,272
624,362,496,266
625,363,497,361
626,19,498,362
627,20,499,216
628,364,500,363
629,365,292,364
630,366,501,365
631,367,502,366
632,271,503,151
633,368,504,48
634,226,259,367
635,369,456,368
636,370,505,322
637,135,144,62
638,169,506,369
639,371,507,370
640,144,508,269
641,32,32,371
642,372,509,372
643,187,245,373
644,332,510,374
645,210,419,8
646,259,511,375
647,373,512,199
648,120,513,98
649,80,438,376
650,18,514,377
651,217,515,196
652,374,369,288
653,375,516,378
654,7,517,134
655,212,518,379
656,376,223,380
657,377,519,381
658,114,520,9
659,257,521,382
660,47,522,89
661,378,523,383
662,289,165,148
663,221,524,133
664,379,525,384
665,361,526,239
666,380,527,154
667,164,528,385
668,381,529,386
669,8,530,387
670,33,531,91
671,110,532,388
672,382,103,72
673,352,503,359
674,383,533,389
675,384,534,390
676,385,535,391
677,157,175,392
678,386,209,270
679,156,536,393
680,339,537,394
681,387,538,395
682,340,539,129
683,10,248,89
684,330,239,251
685,50,540,396
686,388,541,343
687,389,542,397
688,229,268,398
689,276,543,399
690,125,544,47
691,11,179,11
692,390,545,400
693,391,546,401
694,308,547,402
695,392,548,298
696,393,549,403
697,315,550,38
698,394,551,88
699,235,552,148
700,141,553,96
701,395,554,404
702,234,555,29
703,396,318,144
704,81,556,405
705,397,557,406
706,197,558,262
707,398,559,106
708,399,560,407
709,213,165,189
710,130,139,46
711,321,561,408
712,164,437,139
713,400,562,143
714,401,563,240
715,402,40,409
716,403,564,191
717,119,565,5
718,116,182,410
719,91,5,411
720,310,407,412
721,404,566,234
722,405,382,413
723,70,567,414
724,113,568,415
725,406,472,214
726,112,117,416
727,75,343,62
728,407,569,417
729,250,570,236
730,96,571,418
731,272,572,419
732,408,573,420
733,173,574,286
734,66,575,49
735,133,333,232
736,409,576,421
737,128,577,112
738,410,578,422
739,411,579,74
740,290,580,423
741,14,581,424
742,295,582,194
743,34,583,425
744,297,66,269
745,235,90,418
746,412,584,426
747,220,585,337
748,401,586,325
749,413,587,427
750,414,485,428
751,30,588,148
752,415,589,429
753,32,32,430
754,73,590,374
755,416,591,146
756,417,592,431
757,418,593,385
758,103,594,297
759,419,595,432
760,142,153,168
761,104,596,433
762,335,246,434
763,420,597,435
764,421,598,436
765,422,599,437
766,253,600,214
767,423,84,438
768,346,601,347
769,39,602,84
770,424,220,387
771,425,603,262
772,426,604,439
773,225,605,229
774,41,171,38
775,427,284,187
776,259,606,322
777,301,607,440
778,121,608,13
779,428,609,441
780,205,232,442
781,212,303,236
782,310,407,443
783,429,610,293
784,96,611,199
785,430,612,444
786,214,183,428
787,134,613,135
788,85,614,147
789,431,1,445
790,213,165,316
791,47,7,47
792,263,615,72
793,290,616,133
794,300,617,139
795,217,618,77
796,125,171,46
797,432,165,5
798,62,619,199
799,52,620,340
800,433,517,134
801,434,621,72
802,51,578,446
803,239,622,82
804,15,623,236
805,276,624,9
806,344,625,192
807,435,626,447
808,436,627,448
809,100,628,43
810,437,109,95
811,110,629,449
812,438,630,386
813,41,508,84
814,191,631,168
815,439,632,220
816,440,47,450
817,441,633,386
818,101,634,192
819,196,635,451
820,279,636,452
821,442,637,145
822,443,239,251
823,444,18,343
824,6,638,453
825,54,639,19
826,73,73,454
827,359,640,360
828,78,551,452
829,445,641,455
830,446,642,456
831,209,643,457
832,447,644,127
833,448,277,62
834,70,239,458
835,306,645,187
836,230,267,459
837,386,646,33
838,395,554,460
839,449,647,461
840,30,319,5
841,450,79,142
842,32,32,462
843,451,565,84
844,452,648,196
845,334,649,463
846,26,650,322
847,453,246,464
848,179,651,113
849,32,639,31
850,192,652,465
851,440,653,166
852,454,654,466
853,234,69,8
854,10,655,266
855,227,261,33
856,455,236,467
857,11,656,11
858,456,88,94
859,264,610,468
860,457,34,469
861,458,657,470
862,459,658,189
863,460,659,471
864,461,275,81
865,462,660,472
866,463,661,473
867,464,662,14
868,465,663,401
869,466,664,474
870,467,665,475
871,228,666,217
872,258,667,476
873,468,244,477
874,469,668,478
875,102,669,94
876,352,670,389
877,139,671,479
878,39,672,480
879,470,673,48
880,471,674,2
881,472,675,421
882,473,676,17
883,398,280,329
884,474,677,481
885,475,678,482
886,476,679,483
887,268,680,229
888,477,227,48
889,8,681,8
890,75,499,19
891,333,682,89
892,340,683,24
893,335,165,484
894,478,197,187
895,479,684,270
896,480,382,189
897,330,685,374
898,214,1,49
899,47,686,89
900,15,274,199
901,481,687,485
902,259,688,486
903,332,689,50
904,55,690,54
905,373,691,8
906,206,692,144
907,443,444,244
908,3,445,168
909,155,197,487
910,212,303,236
911,42,43,488
912,394,693,475
913,385,535,486
914,97,694,38
915,482,345,309
916,286,139,133
917,483,695,142
918,62,246,191
919,78,116,72
920,270,526,239
921,218,252,489
922,286,696,270
923,235,697,120
924,484,521,490
925,485,456,199
926,486,698,491
927,192,699,476
928,487,90,162
929,488,700,492
930,489,139,1
931,490,701,386
932,418,229,24
933,491,702,493
934,492,538,494
935,493,703,495
936,10,704,134
937,494,705,496
938,98,706,385
939,164,707,96
940,77,708,399
941,46,709,497
942,458,710,498
943,495,711,499
944,353,712,88
945,93,331,46
946,447,713,217
947,330,516,500
948,388,714,399
949,496,715,501
950,255,315,502
951,96,716,46
952,222,717,503
953,497,718,386
954,498,565,47
955,499,719,504
956,500,426,360
957,501,720,505
958,161,721,290
959,502,1,506
960,503,722,232
961,407,723,337
962,310,407,353
963,175,724,214
964,504,511,507
965,34,725,11
966,121,726,508
967,505,727,509
968,374,369,288
969,506,728,232
970,58,729,23
971,141,730,50
972,34,731,11
973,120,129,510
974,507,732,144
975,32,32,275
976,508,733,341
977,20,734,266
978,509,611,290
979,510,735,414
980,346,736,347
981,69,737,511
982,511,738,18
983,512,739,512
984,513,740,15
985,514,741,109
986,515,742,127
987,271,743,17
988,516,744,513
989,375,745,514
990,43,476,9
991,45,746,515
992,235,747,421
993,517,748,516
994,114,749,136
995,193,750,517
996,518,751,213
997,131,752,518
998,519,753,110
999,520,754,438
1000,205,232,89
1001,336,755,187
1002,33,374,368
1003,41,756,98
1004,521,757,519
1005,8,758,8
1006,522,759,520
1007,101,760,521
1008,272,761,270
1009,290,762,196
1010,523,763,522
1011,524,764,523
1012,290,765,270
1013,429,766,524
1014,26,767,525
1015,217,371,40
1016,525,607,440
1017,480,618,428
1018,50,768,62
1019,526,769,526
1020,527,2,527
1021,286,448,374
1022,107,109,95
1023,442,770,376
1024,528,771,143
1025,4,4,290
1026,375,772,374
1027,166,773,151
1028,218,252,528
1029,529,774,5
1030,291,775,47
1031,157,776,168
1032,530,687,529
1033,378,4,383
1034,490,529,386
1035,114,777,530
1036,531,778,531
1037,532,779,235
1038,70,239,532
1039,164,780,38
1040,120,481,54
1041,447,781,236
1042,230,267,378
1043,533,521,533
1044,534,239,251
1045,7,782,72
1046,535,783,534
1047,288,371,216
1048,407,784,535
1049,222,785,337
1050,310,407,531
1051,487,786,266
1052,102,787,244
1053,536,702,454
1054,93,788,236
1055,537,789,536
1056,445,790,455
1057,434,284,399
1058,538,791,537
1059,61,31,59
1060,340,792,19
1061,539,614,269
1062,213,165,360
1063,229,450,538
1064,110,629,539
1065,275,793,540
1066,540,794,541
1067,73,73,542
1068,2,795,249
1069,541,796,68
1070,287,165,543
1071,211,797,135
1072,542,798,461
1073,192,799,526
1074,343,800,316
1075,543,790,368
1076,32,32,31
1077,544,801,544
1078,135,802,98
1079,430,788,392
1080,545,803,545
1081,546,804,249
1082,547,437,348
1083,548,805,546
1084,134,806,547
1085,549,703,495
1086,441,807,548
1087,550,808,488
1088,551,809,549
1089,159,810,550
1090,552,88,551
1091,163,417,317
1092,246,811,242
1093,553,812,82
1094,240,379,129
1095,554,813,100
1096,555,814,552
1097,556,815,425
1098,359,816,553
1099,357,817,135
1100,85,528,262
1101,557,818,145
1102,63,819,554
1103,558,820,555
1104,559,524,322
1105,560,821,84
1106,123,822,125
1107,561,611,370
1108,107,823,9
1109,197,227,556
1110,418,593,557
1111,562,824,558
1112,563,825,559
1113,564,826,560
1114,333,333,192
1115,565,700,561
1116,252,401,553
1117,49,827,393
1118,75,828,302
1119,34,631,11
1120,214,829,133
1121,373,830,199
1122,566,41,270
1123,210,831,19
1124,259,606,322
1125,301,832,239
1126,428,833,562
1127,334,834,563
1128,567,180,286
1129,212,604,96
1130,217,835,133
1131,276,683,399
1132,556,647,412
1133,347,836,564
1134,167,714,489
1135,309,69,19
1136,568,837,565
1137,42,43,41
1138,14,838,492
1139,206,373,566
1140,569,839,386
1141,570,840,538
1142,410,1,527
1143,108,841,427
1144,335,165,484
1145,175,842,567
1146,571,843,338
1147,310,844,353
1148,440,689,38
1149,572,845,568
1150,573,846,204
1151,371,280,23
1152,574,1,555
1153,13,647,487
1154,575,847,235
1155,125,171,46
1156,576,27,569
1157,577,848,570
1158,315,849,571
1159,431,850,572
1160,483,851,560
1161,578,538,573
1162,291,852,77
1163,318,472,574
1164,344,69,1
1165,579,853,575
1166,580,854,576
1167,403,549,577
1168,581,855,354
1169,2,610,293
1170,228,856,40
1171,582,268,531
1172,583,857,578
1173,125,858,477
1174,15,15,321
1175,584,859,579
1176,427,328,580
1177,585,860,166
1178,586,861,581
1179,120,150,13
1180,101,862,508
1181,361,863,582
1182,493,864,134
1183,78,865,583
1184,332,608,50
1185,501,720,49
1186,173,526,196
1187,96,866,72
1188,7,867,584
1189,46,868,94
1190,353,869,24
1191,72,870,454
1192,97,871,245
1193,264,872,216
1194,587,873,316
1195,392,607,222
1196,588,874,279
1197,589,261,585
1198,18,875,5
1199,445,876,586
1200,270,877,239
1201,590,878,587
1202,253,879,15
1203,591,880,495
1204,30,881,146
1205,592,263,461
1206,382,882,588
1207,32,32,31
1208,10,883,589
1209,388,884,590
1210,593,885,217
1211,383,886,98
1212,594,887,591
1213,595,888,15
1214,141,889,162
1215,596,890,26
1216,597,891,392
1217,252,892,134
1218,221,706,387
1219,598,855,216
1220,24,24,387
1221,599,275,559
1222,80,238,385
1223,600,893,592
1224,197,227,593
1225,601,894,62
1226,52,499,505
1227,498,482,553
1228,289,895,594
1229,602,896,595
1230,227,897,187
1231,352,898,91
1232,603,899,428
1233,604,900,279
1234,605,901,596
1235,512,739,597
1236,606,902,204
1237,103,903,162
1238,607,904,8
1239,424,220,567
1240,69,905,1
1241,449,287,598
1242,608,379,372
1243,609,906,599
1244,191,617,40
1245,41,907,64
1246,486,698,600
1247,41,908,488
1248,286,826,461
1249,61,909,333
1250,610,910,8
1251,560,911,486
1252,571,912,129
1253,15,913,19
1254,335,914,13
1255,276,915,38
1256,611,916,72
1257,192,917,192
1258,97,918,526
1259,58,918,133
1260,332,919,89
1261,556,426,563
1262,5,920,47
1263,33,297,199
1264,612,804,379
1265,613,921,199
1266,330,922,72
1267,614,923,601
1268,615,688,602
1269,616,924,603
1270,104,925,604
1271,617,926,393
1272,482,927,249
1273,522,759,520
1274,155,928,23
1275,211,929,11
1276,8,930,393
1277,618,931,605
1278,619,932,135
1279,301,933,290
1280,620,934,606
1281,487,935,607
1282,303,445,597
1283,256,936,608
1284,621,721,386
1285,622,937,609
1286,580,938,316
1287,47,512,245
1288,623,939,545
1289,440,818,610
1290,481,940,148
1291,624,941,565
1292,4,4,290
1293,445,641,455
1294,625,942,333
1295,626,943,239
1296,34,944,270
1297,627,945,611
1298,54,829,375
1299,311,946,612
1300,427,947,374
1301,628,948,613
1302,62,552,547
1303,526,949,484
1304,568,950,614
1305,359,165,615
1306,629,951,372
1307,630,952,616
1308,10,484,536
1309,631,837,565
1310,632,953,302
1311,156,907,50
1312,522,335,236
1313,633,687,617
1314,483,954,618
1315,634,955,619
1316,253,956,376
1317,635,957,392
1318,503,958,440
1319,636,959,620
1320,521,757,621
1321,363,960,622
1322,369,961,461
1323,56,962,623
1324,637,963,2
1325,480,964,427
1326,638,965,624
1327,141,966,625
1328,639,967,626
1329,443,968,239
1330,108,969,608
1331,640,970,486
1332,304,333,386
1333,430,971,627
1334,302,639,8
1335,452,648,144
1336,134,613,49
1337,534,522,628
1338,32,32,31
1339,641,903,336
1340,642,972,629
1341,235,973,563
1342,113,1,273
1343,490,529,630
1344,643,197,322
1345,644,597,43
1346,367,974,366
1347,606,975,631
1348,645,976,632
1349,290,977,633
1350,646,978,634
1351,647,979,635
1352,531,980,285
1353,442,981,636
1354,439,982,220
1355,648,983,306
1356,460,984,637
1357,403,985,446
1358,649,986,638
1359,337,450,469
1360,541,987,639
1361,483,695,560
1362,650,988,362
1363,369,989,523
1364,80,559,640
1365,651,990,641
1366,652,991,642
1367,173,992,558
1368,653,993,531
1369,484,994,295
1370,418,485,24
1371,510,995,643
1372,654,996,145
1373,414,997,48
1374,655,998,262
1375,73,999,644
1376,656,1000,143
1377,657,1001,52
1378,334,1002,645
1379,658,1003,646
1380,659,1004,647
1381,416,304,531
1382,660,494,648
1383,661,1005,139
1384,662,1,487
1385,564,826,43
1386,212,1006,199
1387,205,1007,89
1388,663,1008,139
1389,339,1009,649
1390,664,1010,440
1391,569,1011,40
1392,568,1012,650
1393,665,1013,649
1394,300,1014,545
1395,290,826,651
1396,666,1015,590
1397,234,1016,545
1398,667,1017,571
1399,536,870,547
1400,668,1018,649
1401,247,1019,521
1402,669,685,386
1403,440,689,38
1404,572,1020,652
1405,670,1021,653
1406,125,1022,46
1407,153,1023,270
1408,452,1024,654
1409,671,1025,293
1410,259,1026,486
1411,672,109,655
1412,120,907,192
1413,341,1027,244
1414,18,1028,64
1415,376,548,484
1416,7,413,134
1417,673,1029,378
1418,674,1030,383
1419,47,528,89
1420,70,239,185
1421,516,165,656
1422,175,1031,96
1423,675,710,657
1424,361,234,658
1425,443,1032,62
1426,29,1033,374
1427,214,1034,629
1428,676,1035,659
1429,192,918,521
1430,501,1036,144
1431,164,696,1
1432,445,1037,8
1433,340,1016,660
1434,642,1038,620
1435,218,352,487
1436,72,1039,386
1437,677,1040,661
1438,678,1041,72
1439,679,912,484
1440,680,1042,662
1441,385,535,297
1442,352,1043,558
1443,288,1044,375
1444,138,1045,433
1445,14,1046,663
1446,579,1047,166
1447,173,1048,368
1448,134,613,290
1449,681,1049,486
1450,682,1050,551
1451,110,1051,441
1452,683,1052,664
1453,315,1053,286
1454,684,1054,665
1455,366,1055,666
1456,78,713,667
1457,685,1056,668
1458,135,1057,33
1459,197,1058,669
1460,686,1059,670
1461,299,236,671
1462,687,1060,399
1463,13,1061,672
1464,32,32,262
1465,310,1062,673
1466,688,1063,674
1467,689,874,279
1468,240,1064,24
1469,690,1065,675
1470,373,1066,319
1471,691,1067,676
1472,692,1068,651
1473,693,1069,594
1474,114,1070,608
1475,694,371,216
1476,695,1071,677
1477,696,1072,678
1478,208,1073,147
1479,93,1074,531
1480,697,479,113
1481,365,618,428
1482,698,1075,679
1483,141,1076,487
1484,699,1077,576
1485,376,1078,680
1486,217,724,322
1487,497,578,290
1488,700,1079,442
1489,701,1080,681
1490,702,725,682
1491,703,945,611
1492,704,1081,54
1493,613,183,77
1494,279,1082,84
1495,319,1083,189
1496,390,545,400
1497,705,1084,683
1498,241,26,94
1499,646,882,588
1500,246,294,684
1501,505,727,685
1502,706,1085,686
1503,707,1086,687
1504,27,27,592
1505,708,515,688
1506,477,1087,13
1507,120,129,553
1508,709,1088,689
1509,43,178,615
1510,289,870,484
1511,272,242,620
1512,49,1089,19
1513,100,628,690
1514,567,1090,452
1515,710,1091,46
1516,217,1092,199
1517,711,1093,683
1518,429,1094,13
1519,8,681,8
1520,482,907,691
1521,192,606,196
1522,712,1095,692
1523,713,1096,199
1524,577,848,693
1525,332,1094,374
1526,714,1097,216
1527,670,1021,694
1528,50,1098,374
1529,418,1099,144
1530,333,333,695
1531,486,698,249
1532,715,1100,696
1533,651,965,697
1534,272,1101,270
1535,716,1102,698
1536,717,419,625
1537,606,1103,699
1538,718,1104,700
1539,693,1105,701
1540,221,381,702
1541,211,1106,98
1542,56,1107,681
1543,42,808,610
1544,719,1108,703
1545,720,1109,414
1546,534,1110,704
1547,721,1111,46
1548,722,1112,705
1549,723,1113,91
1550,286,551,9
1551,442,1114,450
1552,58,1115,38
1553,580,1116,706
1554,522,354,9
1555,724,1117,707
1556,725,1118,521
1557,726,1119,451
1558,727,1120,440
1559,34,768,11
1560,336,232,663
1561,330,1121,390
1562,728,1122,72
1563,729,1123,708
1564,519,1124,286
1565,730,1125,709
1566,731,934,710
1567,214,829,192
1568,270,1126,399
1569,301,989,84
1570,732,371,142
1571,230,267,486
1572,733,1018,649
1573,478,489,50
1574,19,333,711
1575,734,1127,109
1576,574,1047,353
1577,735,1128,343
1578,241,1129,77
1579,125,1130,72
1580,590,234,440
1581,447,1131,488
1582,618,931,712
1583,736,1132,713
1584,737,1133,714
1585,738,1134,715
1586,291,1135,716
1587,588,874,279
1588,739,1136,353
1589,740,1137,378
1590,579,1138,717
1591,607,1139,706
1592,545,803,718
1593,61,31,383
1594,18,1140,16
1595,10,1141,62
1596,289,1142,171
1597,85,898,563
1598,659,1004,719
1599,526,1143,531
1600,372,700,496
1601,538,791,1
1602,290,1144,608
1603,574,1145,261
1604,640,1146,720
1605,32,32,31
1606,620,533,698
1607,741,388,721
1608,488,700,540
1609,227,1147,242
1610,93,989,486
1611,742,1148,585
1612,548,1149,722
1613,72,1150,386
1614,743,1151,316
1615,744,682,168
1616,70,517,134
1617,337,1152,603
1618,745,1153,412
1619,310,639,560
1620,363,1154,560
1621,432,337,187
1622,347,1155,711
1623,543,1156,601
1624,746,1157,723
1625,747,683,216
1626,539,1158,427
1627,748,1159,724
1628,749,1160,725
1629,750,1161,571
1630,751,1154,560
1631,752,1162,726
1632,597,1163,433
1633,430,1164,727
1634,110,1165,551
1635,753,1166,217
1636,591,1167,728
1637,754,925,542
1638,755,1168,729
1639,756,1169,43
1640,757,1170,640
1641,758,1171,34
1642,759,1172,730
1643,667,1173,571
1644,583,1174,731
1645,256,1175,94
1646,159,398,187
1647,760,1176,732
1648,45,123,733
1649,761,1177,676
1650,451,1040,734
1651,569,1011,625
1652,762,641,698
1653,70,1178,735
1654,120,1179,8
1655,577,1180,560
1656,218,352,736
1657,15,1181,133
1658,344,1182,319
1659,664,907,737
1660,491,1103,699
1661,301,1183,389
1662,157,1184,444
1663,763,98,133
1664,717,1185,50
1665,192,918,738
1666,415,699,739
1667,764,1186,24
1668,259,1187,1
1669,654,1188,663
1670,330,448,390
1671,765,1189,740
1672,503,958,392
1673,766,1130,741
1674,767,1190,742
1675,166,1191,151
1676,164,1192,13
1677,768,1193,199
1678,467,1194,743
1679,769,1195,651
1680,523,1196,242
1681,572,1020,236
1682,339,1197,89
1683,501,1198,242
1684,770,109,655
1685,771,1199,744
1686,18,18,40
1687,673,1200,649
1688,772,1201,745
1689,257,1,597
1690,773,1202,746
1691,668,1203,134
1692,445,641,455
1693,774,1204,747
1694,443,434,192
1695,300,989,353
1696,208,1205,26
1697,715,1206,748
1698,615,1182,749
1699,636,744,136
1700,775,444,40
1701,776,1054,750
1702,75,1207,13
1703,101,1208,62
1704,621,1010,43
1705,777,965,751
1706,276,1209,440
1707,778,1210,752
1708,685,728,393
1709,459,249,753
1710,779,1211,754
1711,636,1212,72
1712,10,1213,374
1713,780,578,290
1714,217,1214,46
1715,56,1215,755
1716,593,1216,309
1717,386,1217,270
1718,781,1218,756
1719,487,1219,717
1720,286,1220,8
1721,98,1221,269
1722,782,1222,718
1723,209,702,651
1724,783,902,757
1725,319,1223,758
1726,134,1073,759
1727,784,1141,94
1728,536,1224,89
1729,749,1160,760
1730,785,1225,761
1731,604,1226,386
1732,197,227,355
1733,234,555,488
1734,580,1227,43
1735,786,1228,762
1736,625,1229,288
1737,114,1230,354
1738,787,1231,763
1739,788,1232,383
1740,789,1233,96
1741,5,1234,322
1742,32,32,31
1743,790,1119,451
1744,791,1015,764
1745,792,1235,765
1746,793,1236,386
1747,794,549,766
1748,795,1237,767
1749,309,918,768
1750,69,1238,1
1751,796,1239,769
1752,579,200,588
1753,797,1240,770
1754,235,1241,147
1755,798,1242,399
1756,524,1243,23
1757,311,1244,242
1758,688,1063,771
1759,799,1245,772
1760,214,968,375
1761,373,1246,353
1762,800,1247,773
1763,558,1248,115
1764,239,1249,774
1765,347,1250,96
1766,801,1251,550
1767,173,1252,571
1768,802,1253,775
1769,803,1254,776
1770,340,1005,777
1771,804,1255,778
1772,805,1256,511
1773,806,1257,721
1774,82,566,563
1775,481,1258,462
1776,54,1259,19
1777,317,641,315
1778,383,1260,526
1779,674,1261,81
1780,252,1262,77
1781,353,1263,375
1782,310,1264,779
1783,498,1265,47
1784,7,1266,774
1785,483,695,142
1786,430,612,780
1787,807,1267,781
1788,256,1268,608
1789,13,1061,684
1790,582,1177,412
1791,452,1269,594
1792,808,1107,782
1793,809,1270,783
1794,567,1139,192
1795,773,1202,784
1796,205,232,698
1797,810,1271,374
1798,811,837,565
1799,155,1272,392
1800,442,1273,13
1801,333,445,785
1802,104,1274,440
1803,812,1148,144
1804,564,826,786
1805,175,591,683
1806,813,1275,644
1807,212,1276,368
1808,522,1277,176
1809,814,165,787
1810,211,1278,38
1811,192,606,89
1812,714,1279,412
1813,428,833,788
1814,221,1212,701
1815,41,907,261
1816,70,1178,735
1817,621,1280,43
1818,160,825,1
1819,815,1281,249
1820,75,918,789
1821,816,1282,790
1822,817,180,286
1823,668,1283,649
1824,667,1284,19
1825,818,1285,574
1826,110,1286,791
1827,819,1287,792
1828,34,1288,262
1829,820,1289,793
1830,784,69,608
1831,676,455,526
1832,678,1290,123
1833,96,1291,701
1834,664,1010,706
1835,440,1292,196
1836,206,373,414
1837,821,1293,794
1838,822,1294,795
1839,65,1295,545
1840,823,1296,72
1841,824,1095,796
1842,291,834,245
1843,825,1297,797
1844,670,1021,798
1845,290,1298,88
1846,125,1299,46
1847,826,1300,40
1848,101,1301,242
1849,447,1302,374
1850,742,1303,452
1851,827,1304,5
1852,97,617,38
1853,41,1305,799
1854,479,1306,270
1855,630,1307,800
1856,141,527,154
1857,828,1308,262
1858,829,1097,801
1859,830,1309,802
1860,748,1159,803
1861,525,1310,547
1862,831,1311,804
1863,566,1312,176
1864,832,1313,805
1865,491,1314,806
1866,388,1315,531
1867,575,1316,13
1868,833,1317,807
1869,651,1318,245
1870,834,1319,808
1871,835,1320,809
1872,836,345,386
1873,72,1321,599
1874,837,42,810
1875,708,1322,811
1876,120,1323,98
1877,34,1324,11
1878,838,549,812
1879,677,1325,661
1880,726,1326,813
1881,704,1327,814
1882,839,1328,290
1883,840,915,244
1884,733,1329,775
1885,405,1330,758
1886,841,1331,815
1887,8,102,816
1888,842,915,399
1889,843,1332,817
1890,844,898,818
1891,718,1333,661
1892,845,1334,819
1893,521,1335,123
1894,846,615,134
1895,524,1336,24
1896,24,1337,94
1897,847,1338,712
1898,740,1339,91
1899,556,1340,412
1900,611,1341,690
1901,519,1342,47
1902,412,1343,820
1903,848,1344,142
1904,306,1345,560
1905,272,1346,815
1906,32,32,31
1907,680,1042,821
1908,849,1,822
1909,850,101,823
1910,851,69,77
1911,852,1347,824
1912,853,1348,825
1913,854,1349,85
1914,565,1350,826
1915,638,1351,827
1916,855,1352,828
1917,856,1353,540
1918,857,1354,594
1919,418,593,531
1920,279,1355,389
1921,705,1267,829
1922,588,1030,383
1923,47,88,13
1924,858,1356,830
1925,356,481,427
1926,859,1357,726
1927,860,1358,88
1928,861,1359,831
1929,862,1360,832
1930,30,1361,551
1931,863,1362,833
1932,864,1363,834
1933,159,1364,81
1934,361,1365,553
1935,781,545,400
1936,865,608,553
1937,591,1366,835
1938,796,1367,836
1939,866,1368,837
1940,867,1369,838
1941,718,1370,774
1942,635,1371,839
1943,218,352,62
1944,41,1372,199
1945,868,1373,840
1946,121,1281,649
1947,717,1094,374
1948,452,1374,789
1949,302,1375,189
1950,869,718,531
1951,870,1103,699
1952,210,1376,545
1953,839,1377,279
1954,50,1378,486
1955,831,197,85
1956,769,1379,821
1957,577,1380,841
1958,713,1096,683
1959,430,354,804
1960,871,1381,842
1961,872,1382,706
1962,873,1383,843
1963,874,512,844
1964,613,1384,199
1965,875,16,13
1966,765,1385,845
1967,693,1386,693
1968,276,1387,192
1969,666,1388,846
1970,819,1389,204
1971,569,1011,139
1972,876,1390,751
1973,877,1391,790
1974,62,1392,847
1975,15,15,144
1976,878,1393,196
1977,335,1394,526
1978,870,1103,699
1979,208,1395,574
1980,770,109,655
1981,879,933,698
1982,286,1396,625
1983,880,1397,848
1984,881,1398,828
1985,467,1399,8
1986,443,1400,302
1987,853,521,741
1988,882,1401,849
1989,14,1402,23
1990,738,1134,850
1991,668,1403,13
1992,120,907,98
1993,775,1022,176
1994,47,1404,38
1995,642,1405,74
1996,125,448,46
1997,883,1406,851
1998,715,1207,815
1999,884,1407,852
2000,737,1408,706
2001,885,1409,751
2002,886,1410,853
2003,442,1411,744
2004,51,1128,52
2005,887,1148,854
2006,54,1412,374
2007,720,987,144
2008,606,1413,855
2009,310,407,353
2010,888,1414,31
2011,42,1415,589
2012,18,1416,146
2013,889,1417,856
2014,731,888,249
2015,432,1418,663
2016,377,1419,681
2017,728,1282,790
2018,300,1420,353
2019,714,631,40
2020,890,1421,857
2021,634,1422,837
2022,378,1423,807
2023,891,1424,858
2024,892,1425,859
2025,55,55,54
2026,893,1426,860
2027,711,1,861
2028,726,1427,134
2029,32,32,455
2030,894,1428,461
2031,505,727,862
2032,895,1429,784
2033,7,7,148
2034,372,1430,861
2035,896,1431,863
2036,480,1432,589
2037,685,1433,814
2038,135,144,33
2039,897,1434,864
2040,898,1435,865
2041,899,1436,866
2042,46,868,867
2043,164,1437,43
2044,900,1438,868
2045,901,1010,452
2046,902,1142,869
2047,903,1142,322
2048,904,1439,433
2049,905,1133,612
2050,459,1440,806
2051,906,613,540
2052,628,1441,43
2053,907,1442,870
2054,908,1443,871
2055,909,1100,872
2056,910,1444,810
2057,568,1445,835
2058,582,1446,187
2059,911,1447,873
2060,486,1448,738
2061,912,1449,874
2062,385,535,572
2063,130,139,875
2064,913,1450,876
2065,4,4,877
2066,347,1451,322
2067,914,1452,878
2068,915,1453,689
2069,33,1454,879
2070,739,1455,96
2071,916,1456,880
2072,917,1457,881
2073,918,1458,882
2074,919,1459,430
2075,920,1460,883
2076,921,1461,884
2077,13,918,455
2078,922,1462,136
2079,923,1463,885
2080,836,685,386
2081,790,1464,886
2082,924,1465,887
2083,925,1466,888
2084,712,1467,146
2085,301,608,134
2086,867,1369,889
2087,926,1468,414
2088,927,1469,174
2089,928,1470,88
2090,929,1471,204
2091,766,1130,440
2092,567,1472,545
2093,654,1473,789
2094,642,1405,574
2095,930,1474,890
2096,662,1,199
2097,931,1475,683
2098,932,515,891
2099,933,1476,892
2100,913,1450,374
2101,811,837,565
2102,934,1215,893
2103,929,1477,661
2104,935,1017,571
2105,936,643,894
2106,937,1478,895
2107,938,1479,847
2108,773,1202,133
2109,823,1480,378
2110,939,1481,236
2111,330,1482,834
2112,940,1483,387
2113,820,1484,896
2114,941,1485,897
2115,259,1486,486
2116,51,1487,564
2117,713,1096,199
2118,670,1021,798
2119,942,1196,898
2120,801,1488,139
2121,943,1489,262
2122,944,1490,899
2123,173,1491,701
2124,945,654,771
2125,522,444,625
2126,491,1492,699
2127,315,1493,486
2128,279,1185,624
2129,49,1494,900
2130,946,1495,901
2131,332,907,693
2132,698,1496,134
2133,72,1278,89
2134,332,1497,701
2135,947,1498,847
2136,948,1499,902
2137,192,1090,144
2138,949,1500,761
2139,950,1501,881
2140,814,1502,204
2141,951,1503,903
2142,440,1504,353
2143,290,706,19
2144,952,1505,904
2145,310,407,824
2146,560,128,844
2147,429,1506,905
2148,664,1507,488
2149,157,175,906
2150,42,932,270
2151,8,1508,144
2152,688,1298,804
2153,771,1509,907
2154,953,1510,46
2155,833,1317,807
2156,206,1511,908
2157,703,1512,909
2158,291,390,77
2159,954,1513,572
2160,812,1514,43
2161,810,358,910
2162,209,702,649
2163,955,1515,911
2164,956,1516,912
2165,519,455,50
2166,957,16,189
2167,958,1178,913
2168,335,1517,13
2169,340,1518,526
2170,959,1519,914
2171,540,1520,139
2172,960,1521,62
2173,139,1522,353
2174,961,1523,915
2175,575,1524,775
2176,430,788,916
2177,962,1525,270
2178,963,1526,733
2179,539,641,245
2180,340,1527,917
2181,5,1528,8
2182,352,1529,918
2183,964,721,52
2184,965,1530,919
2185,966,1531,920
2186,415,589,847
2187,34,1532,11
2188,786,1533,706
2189,114,1534,921
2190,967,839,386
2191,819,1535,368
2192,234,217,663
2193,811,1487,900
2194,43,1536,297
2195,376,1537,922
2196,363,1538,521
2197,651,1539,844
2198,968,1540,798
2199,217,1541,738
2200,58,625,38
2201,969,1542,571
2202,56,1543,923
2203,573,1,924
2204,970,1544,925
2205,971,1545,926
2206,972,1546,891
2207,973,1547,927
2208,192,309,8
2209,974,1548,928
2210,667,1549,262
2211,975,1550,929
2212,234,1551,930
2213,580,1227,608
2214,208,1285,574
2215,76,1552,91
2216,976,1013,931
2217,977,1553,894
2218,978,1554,932
2219,214,1034,374
2220,979,1434,864
2221,32,32,88
2222,980,1555,341
2223,607,691,196
2224,745,1556,677
2225,981,1557,247
2226,80,1358,610
2227,13,1558,389
2228,982,1559,735
2229,983,1560,663
2230,153,41,933
2231,984,1561,897
2232,309,1562,859
2233,785,1563,249
2234,70,1505,96
2235,985,1564,305
2236,986,1565,768
2237,987,1566,575
2238,356,481,771
2239,988,1567,385
2240,686,1568,934
2241,989,1569,918
2242,990,1516,935
2243,386,209,651
2244,991,1570,13
2245,725,1571,936
2246,246,1572,374
2247,992,1573,937
2248,418,593,446
2249,818,437,77
2250,690,1574,938
2251,993,1575,875
2252,994,1576,939
2253,763,98,875
2254,995,1577,338
2255,101,1305,900
2256,882,1578,940
2257,889,1417,912
2258,212,1579,199
2259,390,1201,941
2260,211,1580,804
2261,996,1581,942
2262,711,1582,655
2263,34,1583,11
2264,569,1372,46
2265,430,1389,526
2266,913,1450,374
2267,997,1584,821
2268,998,1585,943
2269,680,1042,698
2270,999,1586,847
2271,702,1587,353
2272,621,1181,133
2273,218,1588,804
2274,96,1589,89
2275,1000,1590,46
2276,1001,1591,803
2277,1002,1592,909
2278,430,808,192
2279,212,1593,38
2280,856,1594,934
2281,651,1595,859
2282,623,1596,144
2283,1003,1597,944
2284,811,1598,771
2285,780,1599,945
2286,333,860,189
2287,1004,1600,946
2288,376,1533,706
2289,383,1601,262
2290,1005,1602,43
2291,70,1178,947
2292,459,249,948
2293,252,1603,374
2294,560,1604,534
2295,1006,1605,949
2296,1007,1606,950
2297,769,1013,649
2298,826,1300,738
2299,5,1607,574
2300,1008,1608,245
2301,1009,1609,609
2302,217,1610,649
2303,1010,1611,951
2304,1011,1612,46
2305,42,1190,851
2306,839,1613,144
2307,15,1614,487
2308,289,1615,440
2309,1012,1100,696
2310,443,1616,452
2311,1013,1103,699
2312,1014,1617,952
2313,1015,618,953
2314,764,1618,136
2315,834,1619,519
2316,726,1389,706
2317,1016,1620,954
2318,1017,1621,279
2319,581,1622,955
2320,156,1623,761
2321,831,1624,683
2322,693,1336,25
2323,536,1625,956
2324,467,1521,798
2325,1018,1626,957
2326,722,1183,389
2327,1019,721,196
2328,1020,1627,533
2329,864,1628,72
2330,175,1629,192
2331,521,1630,815
2332,442,1631,50
2333,14,1632,625
2334,110,1290,789
2335,1021,1633,5
2336,1022,1634,444
2337,636,1635,958
2338,1023,1603,959
2339,814,1636,775
2340,760,1637,319
2341,1024,1638,771
2342,685,956,960
2343,1025,1478,961
2344,19,1639,176
2345,221,1507,270
2346,1026,1528,691
2347,580,1640,374
2348,767,1641,789
2349,1027,1642,229
2350,10,1643,444
2351,100,628,890
2352,1028,1644,897
2353,1029,1093,852
2354,1030,1285,8
2355,385,535,385
2356,674,1203,134
2357,1031,1645,962
2358,104,1646,791
2359,310,407,588
2360,1032,1647,963
2361,1033,1648,375
2362,192,1649,964
2363,1034,1650,837
2364,941,1651,897
2365,1035,1652,965
2366,1036,1653,966
2367,1037,1654,24
2368,1038,1655,442
2369,744,1315,531
2370,1039,1656,967
2371,1040,1657,968
2372,892,1658,969
2373,1041,1659,970
2374,1042,641,249
2375,1043,1660,971
2376,1044,371,216
2377,13,1558,24
2378,701,1080,784
2379,1045,1398,972
2380,1046,1661,973
2381,820,832,947
2382,493,1662,974
2383,1047,1663,975
2384,1048,1664,976
2385,1049,1665,977
2386,431,1666,978
2387,1050,1667,979
2388,1051,1335,854
2389,599,1668,875
2390,1052,1669,980
2391,1053,86,981
2392,336,1670,873
2393,613,1671,43
2394,782,1672,387
2395,339,1673,348
2396,1054,1674,982
2397,32,32,31
2398,844,898,798
2399,867,1675,657
2400,1055,930,870
2401,1056,1466,983
2402,1057,1676,984
2403,541,1677,674
2404,1058,1678,985
2405,164,1679,986
2406,795,1237,987
2407,1059,1680,598
2408,1060,1681,214
2409,445,641,935
2410,1061,1682,378
2411,256,1683,636
2412,56,1684,988
2413,98,597,354
2414,1062,1685,488
2415,335,1686,989
2416,636,1687,990
2417,572,1688,629
2418,1063,1689,757
2419,206,373,991
2420,1064,1690,428
2421,379,525,992
2422,1065,1691,905
2423,1066,1692,993
2424,390,1201,941
2425,430,1693,804
2426,1067,1694,565
2427,101,998,994
2428,217,1082,900
2429,642,1405,574
2430,717,1091,798
2431,765,1385,9
2432,817,1695,995
2433,892,1696,353
2434,41,742,996
2435,1068,1697,718
2436,1069,1698,997
2437,953,1299,892
2438,698,1699,486
2439,101,374,608
2440,340,1700,69
2441,762,1701,450
2442,763,1702,133
2443,1070,1500,747
2444,259,1703,784
2445,1071,1702,450
2446,1072,1704,934
2447,523,1196,236
2448,478,1076,943
2449,1073,1705,897
2450,1074,1706,998
2451,769,1707,999
2452,673,1708,771
2453,429,907,64
2454,65,1709,906
2455,13,1710,247
2456,623,1711,43
2457,730,1125,1000
2458,820,1712,440
2459,47,345,837
2460,1075,1241,693
2461,577,848,1001
2462,1076,444,9
2463,1077,1713,657
2464,1078,1714,88
2465,1047,1715,23
2466,286,1121,23
2467,812,1716,1002
2468,1079,1474,890
2469,1080,1717,589
2470,784,1303,452
2471,839,1377,279
2472,846,1718,1003
2473,54,968,43
2474,373,1719,204
2475,1081,1720,901
2476,1082,1721,1004
2477,452,1722,1005
2478,1083,1723,40
2479,291,1724,8
2480,465,6,1006
2481,670,1021,1007
2482,832,1725,545
2483,618,1726,486
2484,487,369,288
2485,851,69,9
2486,1084,1727,262
2487,1085,1728,1008
2488,538,1729,1
2489,575,1730,964
2490,18,1731,702
2491,218,252,742
2492,301,1732,784
2493,769,1733,412
2494,491,1734,890
2495,1086,1735,904
2496,1087,1736,803
2497,1088,1737,286
2498,1089,1738,711
2499,1090,1739,1009
2500,1091,1740,1010
2501,521,757,1011
2502,719,1741,683
2503,1092,1742,1012
2504,1093,1743,440
2505,823,1408,791
2506,742,1532,192
2507,49,1587,625
2508,607,825,1013
2509,1094,1335,1014
2510,120,1744,374
2511,615,1745,574
2512,1095,1746,1015
2513,1096,1747,631
2514,1097,1748,905
2515,877,1391,1016
2516,630,952,1017
2517,1098,1749,1018
2518,1099,1750,1019
2519,330,1751,72
2520,1100,1485,847
2521,1023,1060,399
2522,662,1752,649
2523,881,1753,1020
2524,1101,1754,375
2525,1002,1592,959
2526,1102,1755,1021
2527,1103,1756,375
2528,785,1,608
2529,1104,899,526
2530,1105,1757,959
2531,876,1758,144
2532,1106,229,1022
2533,952,1759,624
2534,45,730,701
2535,853,1760,815
2536,182,203,8
2537,1107,1761,1023
2538,1108,1762,847
2539,962,1227,803
2540,1109,1763,1024
2541,1110,1764,885
2542,72,933,1025
2543,1111,641,1026
2544,1112,1765,450
2545,1113,1199,744
2546,1114,1766,1027
2547,1012,1427,134
2548,971,1767,787
2549,1115,1768,1028
2550,933,1636,775
2551,560,1769,683
2552,1116,1770,579
2553,1117,1771,1029
2554,885,482,852
2555,1118,1772,962
2556,1119,1773,1030
2557,1120,1774,1031
2558,579,1775,1032
2559,1079,1776,984
2560,51,1777,896
2561,818,1510,775
2562,859,1778,1033
2563,1121,1779,1034
2564,1122,473,631
2565,486,1780,249
2566,645,419,947
2567,1123,1781,1035
2568,742,682,1036
2569,1124,1782,1037
2570,241,1783,902
2571,1125,1784,1038
2572,1126,1785,857
2573,1127,1786,1039
2574,1128,1787,1040
2575,1111,1788,947
2576,1129,1789,77
2577,247,1790,851
2578,32,32,1041
2579,42,1791,844
2580,371,689,798
2581,175,1792,1042
2582,315,1793,1043
2583,335,1686,989
2584,572,1688,629
2585,931,1794,199
2586,714,1795,910
2587,41,1796,698
2588,680,1797,1044
2589,832,1521,991
2590,913,1450,46
2591,771,1646,1045
2592,932,515,1013
2593,1130,1798,444
2594,814,1681,1046
2595,634,1799,738
2596,41,682,133
2597,811,837,565
2598,839,374,608
2599,8,1800,698
2600,745,1556,677
2601,819,1801,757
2602,272,933,843
2603,943,1802,144
2604,155,1803,24
2605,1131,1804,679
2606,567,724,368
2607,889,1805,19
2608,522,1277,176
2609,1132,1806,992
2610,1133,509,657
2611,1087,1525,1047
2612,428,1807,1048
2613,1134,1808,1049
2614,879,1809,46
2615,936,1810,821
2616,636,1811,990
2617,1135,1812,338
2618,339,1405,1050
2619,773,1202,699
2620,784,1105,701
2621,1136,1194,912
2622,1137,1271,1051
2623,1108,1802,1052
2624,1070,1813,1053
2625,1138,1814,1054
2626,363,165,803
2627,1139,526,789
2628,630,1815,531
2629,1140,1816,1055
2630,192,559,964
2631,1122,1601,571
2632,1141,1817,830
2633,733,1329,1056
2634,1142,1818,959
2635,775,109,655
2636,1143,1819,947
2637,987,1016,1057
2638,15,15,1058
2639,1006,1820,96
2640,375,1821,994
2641,1144,1822,13
2642,1145,1823,1059
2643,1146,1824,1060
2644,926,1653,1061
2645,1013,1825,699
2646,860,1826,353
2647,606,1827,1062
2648,310,1828,840
2649,1147,1829,1063
2650,430,1830,804
2651,961,1831,1064
2652,629,1577,896
2653,726,1832,134
2654,960,1126,24
2655,1148,1833,353
2656,1036,1653,814
2657,1149,1834,845
2658,1150,1835,1065
2659,173,296,803
2660,739,1836,843
2661,1151,1533,706
2662,344,1671,13
2663,883,1837,892
2664,1152,1838,1066
2665,1153,1289,980
2666,801,1839,1
2667,1154,1840,1067
2668,1155,1841,1068
2669,53,1128,52
2670,621,1032,144
2671,1156,1100,696
2672,816,1842,72
2673,966,1298,1069
2674,577,848,1001
2675,1052,1843,1070
2676,1157,1631,136
2677,347,1844,706
2678,764,360,374
2679,1158,1845,354
2680,1159,1846,1071
2681,668,1847,270
2682,1160,1848,1072
2683,1161,1849,706
2684,383,1850,1073
2685,1162,1762,279
2686,1163,1851,627
2687,493,1852,792
2688,336,1853,38
2689,939,1481,236
2690,1164,1854,1074
2691,332,737,984
2692,935,1855,798
2693,1165,1856,91
2694,780,1857,1075
2695,522,1858,661
2696,548,1149,722
2697,112,1859,41
2698,815,1281,19
2699,24,1860,777
2700,34,1861,11
2701,276,1862,89
2702,10,392,531
2703,1166,1844,196
2704,1167,1863,1076
2705,1168,1781,696
2706,1169,1864,1077
2707,440,1865,1078
2708,962,1866,189
2709,1170,1867,594
2710,386,591,40
2711,1171,1868,1079
2712,1172,1869,519
2713,777,888,1080
2714,192,1870,608
2715,157,1871,663
2716,536,469,519
2717,440,217,15
2718,1173,1249,661
2719,1174,1872,909
2720,1175,1873,1081
2721,1176,1874,996
2722,1177,1875,696
2723,1178,1876,1082
2724,442,1877,1083
2725,770,642,627
2726,1179,1878,1084
2727,1180,1879,1085
2728,949,1880,583
2729,69,1881,815
2730,1181,1882,1086
2731,5,1528,8
2732,1182,835,521
2733,1183,1883,1087
2734,480,654,134
2735,1184,1884,699
2736,430,1885,526
2737,720,1886,905
2738,1185,786,1088
2739,301,1887,1002
2740,1017,1888,8
2741,783,1889,1089
2742,1186,1656,693
2743,973,1831,920
2744,716,1890,583
2745,539,1891,245
2746,779,1211,754
2747,1187,1892,1090
2748,1188,1893,1091
2749,867,1157,751
2750,447,1894,8
2751,1189,1895,851
2752,564,826,636
2753,832,1896,486
2754,572,1688,629
2755,998,1897,740
2756,34,1299,88
2757,1190,1017,571
2758,114,1898,683
2759,521,860,884
2760,1191,1899,1092
2761,1150,1900,1093
2762,938,1901,47
2763,62,1902,574
2764,259,1903,891
2765,766,1130,440
2766,503,1904,1094
2767,1192,1905,1065
2768,1193,1906,1095
2769,651,1791,1096
2770,486,1653,999
2771,1194,1907,1097
2772,1195,1656,1098
2773,715,1908,14
2774,826,1139,89
2775,676,756,1099
2776,1196,1909,925
2777,766,1130,440
2778,902,1142,798
2779,121,1910,900
2780,217,1911,176
2781,1197,1912,1100
2782,1198,710,1101
2783,1199,1913,815
2784,300,1555,133
2785,276,1914,1102
2786,125,907,884
2787,711,919,655
2788,894,1915,1050
2789,1200,1916,1103
2790,823,1917,262
2791,577,848,693
2792,654,1918,906
2793,1153,1919,77
2794,614,923,791
2795,1201,1490,996
2796,378,1920,941
2797,376,1921,1104
2798,869,1726,50
2799,1072,1922,1105
2800,717,419,625
2801,479,1923,270
2802,667,1924,526
2803,853,239,251
2804,668,1421,649
2805,1010,1611,450
2806,1113,1925,1106
2807,859,1926,52
2808,997,85,204
2809,1117,1689,757
2810,818,1927,934
2811,674,1928,1
2812,1202,1929,1107
2813,1011,26,1
2814,1203,1930,767
2815,1204,1610,565
2816,1205,1196,885
2817,886,1410,853
2818,892,123,374
2819,1206,1931,1108
2820,1007,1606,88
2821,218,1496,804
2822,885,1491,811
2823,19,1932,176
2824,101,1933,144
2825,1207,1934,904
2826,874,1935,844
2827,1082,1474,890
2828,1153,924,944
2829,664,1936,1002
2830,442,770,1109
2831,1208,1937,1110
2832,577,848,1111
2833,210,1938,798
2834,739,1939,353
2835,519,1940,838
2836,903,1013,1112
2837,742,918,262
2838,730,1125,1113
2839,923,1941,279
2840,153,1,452
2841,1012,1942,134
2842,621,682,798
2843,344,1902,771
2844,1209,1943,1114
2845,1210,1944,196
2846,939,1925,134
2847,1211,1555,545
2848,1212,1945,1115
2849,619,1946,323
2850,1213,1947,1116
2851,715,1948,990
2852,1214,1949,1117
2853,332,1950,43
2854,135,1951,608
2855,1215,1952,1118
2856,1031,1953,1119
2857,1114,1954,980
2858,1068,1955,742
2859,1216,1956,1013
2860,992,1957,1120
2861,1217,1958,736
2862,1023,1099,959
2863,702,1959,1121
2864,1041,1960,913
2865,1218,1961,751
2866,645,1962,1122
2867,996,359,1123
2868,1073,1631,519
2869,221,1963,19
2870,1219,1964,891
2871,386,1965,38
2872,1220,1966,1124
2873,769,1967,789
2874,1221,1138,859
2875,999,1968,891
2876,1222,1969,412
2877,1223,1970,279
2878,867,1369,1125
2879,1224,1971,484
2880,1087,1972,77
2881,1225,1592,294
2882,415,720,1095
2883,309,1973,760
2884,1226,1974,1126
2885,693,1975,1127
2886,252,1976,519
2887,32,32,31
2888,1227,1183,1128
2889,1228,1977,547
2890,378,1928,944
2891,1021,1598,1129
2892,1229,1978,1044
2893,1230,1979,1130
2894,941,1980,1131
2895,1231,1981,1132
2896,1232,975,631
2897,599,84,427
2898,1233,911,1082
2899,796,1982,487
2900,953,1299,892
2901,192,1983,851
2902,1234,1984,1133
2903,935,1985,1134
2904,1235,1986,1135
2905,1236,1987,1136
2906,1237,1988,1137
2907,1238,1271,1138
2908,13,1989,735
2909,1239,1990,1139
2910,1240,1991,1047
2911,1081,1992,1140
2912,1241,1993,1141
2913,1242,1994,771
2914,390,545,835
2915,859,1995,1142
2916,731,1686,989
2917,211,1588,545
2918,1243,1489,649
2919,564,826,636
2920,860,1996,430
2921,41,1281,199
2922,642,1405,1143
2923,944,1997,1144
2924,1244,1998,333
2925,49,1999,133
2926,8,1555,698
2927,42,1791,844
2928,1245,1094,834
2929,666,2000,625
2930,379,525,1145
2931,160,463,699
2932,34,2001,902
2933,913,1450,286
2934,1246,1931,944
2935,569,2002,136
2936,1247,2003,1146
2937,674,2004,699
2938,286,2005,353
2939,1248,1612,1147
2940,1067,1694,565
2941,1249,2001,1148
2942,1250,211,789
2943,1251,325,907
2944,710,2006,843
2945,1252,1795,910
2946,630,952,708
2947,1253,2007,1106
2948,1177,2008,1050
2949,765,1385,47
2950,720,2009,649
2951,1089,2010,338
2952,192,2011,957
2953,164,2012,953
2954,580,469,144
2955,290,162,964
2956,780,1599,990
2957,33,2013,353
2958,892,1305,1127
2959,430,2014,804
2960,1003,2015,1149
2961,1254,718,531
2962,714,180,954
2963,811,1598,771
2964,801,2016,1150
2965,894,1956,742
2966,998,2017,771
2967,1008,1804,625
2968,486,698,249
2969,1100,1459,1151
2970,1255,2018,1152
2971,126,2019,1120
2972,1256,2020,771
2973,1257,2021,1153
2974,814,1625,897
2975,1258,252,199
2976,1259,2022,1148
2977,1166,2023,1002
2978,1098,1749,1018
2979,820,1733,767
2980,1260,2024,1154
2981,340,1700,1151
2982,156,2025,624
2983,1261,606,1119
2984,1262,521,741
2985,1263,2026,1155
2986,1264,2027,1156
2987,104,2028,969
2988,862,2029,1047
2989,957,1,486
2990,1265,965,1156
2991,1266,2030,486
2992,833,1317,807
2993,1267,1304,1001
2994,1167,2031,894
2995,870,2032,279
2996,1268,302,847
2997,577,848,1157
2998,212,2033,199
2999,1013,1927,1046
3000,1269,2034,40
3001,330,2035,196
3002,159,2036,1003
3003,1168,1271,1158
3004,1270,2037,994
3005,1206,559,348
3006,372,509,488
3007,388,1290,1088
3008,1271,2038,1142
3009,340,2039,1104
3010,1134,2040,1159
3011,1272,2041,751
3012,291,818,450
3013,1084,2042,24
3014,839,2043,701
3015,817,2044,995
3016,526,1227,722
3017,1076,2045,136
3018,1273,2046,1160
3019,525,2047,943
3020,930,2048,136
3021,737,1586,1082
3022,670,1021,798
3023,1157,1212,136
3024,1274,2049,1120
3025,429,526,1161
3026,1275,1713,657
3027,1276,2050,1162
3028,1277,2051,1163
3029,1278,2052,1164
3030,1069,1698,997
3031,399,560,1165
3032,1279,2053,1166
3033,1043,1660,1167
3034,770,2054,589
3035,1072,2055,1168
3036,1280,2056,450
3037,778,2057,757
3038,330,2058,1169
3039,385,535,1170
3040,688,1063,845
3041,1281,128,62
3042,289,1603,374
3043,120,2059,771
3044,241,2060,906
3045,43,2061,123
3046,1282,2062,1171
3047,851,69,196
3048,1283,2063,1023
3049,1104,918,661
3050,1063,2064,1052
3051,1284,2065,1172
3052,366,641,19
3053,1052,968,885
3054,1285,2066,1173
3055,1286,2067,683
3056,1287,2068,1174
3057,828,354,1175
3058,1288,2069,1024
3059,1289,2070,1121
3060,885,2071,701
3061,1290,2072,1176
3062,779,1211,1177
3063,1291,2073,1178
3064,1292,2074,1179
3065,1293,2075,1180
3066,310,2076,1181
3067,376,1143,9
3068,1294,2077,454
3069,667,277,989
3070,1295,2078,1182
3071,1133,2079,1183
3072,1296,2080,1184
3073,889,606,338
3074,651,1769,905
3075,1297,2081,266
3076,259,1182,486
3077,1298,1130,1185
3078,1067,2082,579
3079,923,2083,1175
3080,41,2084,133
3081,101,2085,1186
3082,1299,2086,440
3083,932,515,1013
3084,572,1020,991
3085,1300,2087,1187
3086,1168,2088,1188
3087,1301,840,1189
3088,771,2089,545
3089,717,1975,767
3090,1302,2090,1054
3091,32,32,767
3092,1145,1823,1190
3093,946,2091,40
3094,1303,18,249
3095,888,2092,631
3096,1304,2093,1191
3097,412,2094,1192
3098,674,1043,699
3099,70,2095,1193
3100,1305,2096,1194
3101,521,2097,784
3102,1069,2098,1195
3103,58,2099,450
3104,823,2100,885
3105,1194,2101,892
3106,41,2102,1096
3107,1306,2103,427
3108,1307,2104,663
3109,1087,2105,990
3110,157,1122,1161
3111,1200,1916,1103
3112,819,2106,625
3113,1308,2107,1196
3114,335,2108,920
3115,1131,2109,891
3116,931,1579,905
3117,1108,2027,884
3118,1309,1998,1197
3119,1310,2110,368
3120,846,1652,815
3121,912,2111,1116
3122,815,1281,144
3123,1113,2033,1198
3124,950,2112,1199
3125,1311,2010,1054
3126,715,354,43
3127,814,2113,136
3128,217,2114,900
3129,899,2115,697
3130,50,1521,789
3131,1312,2116,738
3132,259,688,486
3133,1137,1271,1051
3134,1166,2117,738
3135,873,2118,964
3136,1313,2119,1048
3137,1314,2120,1200
3138,1315,2121,691
3139,634,1142,1147
3140,1023,2122,1201
3141,693,2123,693
3142,1087,924,77
3143,1050,1762,925
3144,1103,2124,1122
3145,214,1516,814
3146,1316,31,805
3147,1082,1040,1106
3148,1317,2125,942
3149,230,267,47
3150,929,2078,649
3151,1318,2126,942
3152,1319,2127,592
3153,859,2128,757
3154,1320,2129,1132
3155,719,1521,1104
3156,1321,2130,1202
3157,113,325,824
3158,301,2131,176
3159,763,98,1186
3160,856,1353,1154
3161,1063,2132,803
3162,286,1691,1184
3163,1322,1521,991
3164,1323,1495,901
3165,1324,1696,338
3166,1325,2133,1203
3167,1278,2105,1142
3168,1326,2134,1204
3169,1327,2135,1043
3170,1240,2136,592
3171,1328,2137,838
3172,1163,2138,8
3173,70,1178,818
3174,677,1533,706
3175,486,100,742
3176,769,618,204
3177,784,1811,696
3178,1178,1876,804
3179,1169,1676,925
3180,1329,1999,1127
3181,126,2139,1120
3182,1137,1271,959
3183,1330,2140,374
3184,1080,2088,1102
3185,617,2141,1205
3186,613,183,450
3187,1331,2142,1151
3188,1212,2143,1206
3189,1332,1606,176
3190,1333,2144,1207
3191,728,2145,1208
3192,574,375,1209
3193,1141,2146,1210
3194,1041,2147,944
3195,1334,2148,1211
3196,1335,2149,1212
3197,221,2150,608
3198,636,23,1213
3199,1336,2151,1214
3200,1337,2152,701
3201,963,1940,1215
3202,363,2153,1216
3203,1338,2154,189
3204,461,2155,904
3205,905,2156,944
3206,1339,2157,393
3207,1266,1828,891
3208,452,2158,1217
3209,50,2159,62
3210,1212,2160,461
3211,1020,2161,14
3212,921,1345,1218
3213,315,888,1219
3214,1340,2162,322
3215,536,2163,696
3216,876,2164,751
3217,900,2165,980
3218,72,191,760
3219,832,2166,144
3220,1341,1057,811
3221,560,666,803
3222,864,2167,1081
3223,1342,2168,1220
3224,1343,2169,1221
3225,1344,2170,585
3226,646,978,975
3227,1345,2171,949
3228,575,2172,815
3229,1346,2173,891
3230,1014,1617,636
3231,1010,1611,1222
3232,1347,2174,1223
3233,24,2175,1169
3234,1348,2176,40
3235,1349,471,145
3236,1350,2177,629
3237,1351,2178,1224
3238,1012,2179,775
3239,8,2085,698
3240,1152,2180,1225
3241,1253,2007,1106
3242,889,2181,338
3243,713,1096,1175
3244,1251,2182,957
3245,1352,2071,1151
3246,693,1491,1226
3247,630,952,1227
3248,832,1896,486
3249,710,2183,1228
3250,1353,2184,1105
3251,1095,2185,878
3252,731,2186,722
3253,217,1082,199
3254,1354,2166,625
3255,1355,2187,1182
3256,1356,2188,1229
3257,300,2189,698
3258,1357,2190,1230
3259,1153,2191,771
3260,1358,2192,133
3261,938,1901,847
3262,310,2193,353
3263,1217,2035,884
3264,1359,2194,1231
3265,711,2195,1232
3266,1360,1681,1189
3267,1247,2003,999
3268,330,2196,1233
3269,1361,239,1234
3270,882,1401,1143
3271,839,2089,655
3272,1191,2197,1092
3273,870,1421,699
3274,1011,26,878
3275,1085,951,945
3276,447,333,610
3277,15,2084,994
3278,1189,358,1235
3279,1270,2198,994
3280,1170,1867,665
3281,286,2199,353
3282,522,1942,13
3283,1362,2200,999
3284,333,2201,1236
3285,1363,1718,1237
3286,1364,2202,1238
3287,1206,2203,815
3288,913,1450,1150
3289,1365,2204,1051
3290,1366,2205,840
3291,1367,48,374
3292,1002,1592,1239
3293,1266,2206,1106
3294,1368,2207,1240
3295,378,1920,941
3296,1001,2117,1241
3297,726,2208,1242
3298,610,485,789
3299,111,116,72
3300,1369,2209,1243
3301,372,2210,1244
3302,1007,1606,545
3303,101,1727,900
3304,49,1089,964
3305,1309,1998,1245
3306,46,868,629
3307,1208,2211,841
3308,1336,2151,818
3309,1370,2212,1246
3310,32,32,767
3311,290,2213,144
3312,1371,2214,1247
3313,390,545,745
3314,491,2215,934
3315,211,1591,84
3316,1372,2216,1143
3317,276,2217,270
3318,1373,2218,338
3319,812,2219,1199
3320,486,682,440
3321,1374,683,1248
3322,1091,1740,1249
3323,1375,1389,1147
3324,999,2220,814
3325,1250,2221,1250
3326,1153,48,77
3327,34,2222,1251
3328,1065,1691,1050
3329,34,1579,852
3330,1017,2223,738
3331,670,1021,653
3332,125,2224,374
3333,47,2225,636
3334,1376,2164,440
3335,867,1369,144
3336,663,2226,944
3337,1248,1389,1252
3338,1076,66,1253
3339,1377,2227,818
3340,1378,1776,1174
3341,1069,1698,997
3342,1379,2228,1254
3343,19,2229,624
3344,1108,2230,1255
3345,1107,2012,851
3346,56,2231,534
3347,1380,2232,701
3348,1381,2233,784
3349,1268,2234,38
3350,1382,2235,1006
3351,997,2236,738
3352,376,2237,1142
3353,1383,2133,1256
3354,1384,2238,1257
3355,1385,297,991
3356,1135,1812,910
3357,1386,2239,1258
3358,1387,2240,612
3359,733,1329,1259
3360,810,2241,1260
3361,525,1313,661
3362,482,2242,884
3363,1142,2243,859
3364,1388,1232,1261
3365,369,2244,1262
3366,80,2245,990
3367,1389,2246,1104
3368,1390,1583,1106
3369,1391,335,1263
3370,1225,1592,762
3371,1392,2247,1264
3372,1393,2248,1265
3373,363,230,1158
3374,1125,1784,814
3375,628,2249,88
3376,1394,2250,1043
3377,1395,2251,1266
3378,1396,2252,608
3379,1397,2253,1022
3380,1398,1379,476
3381,777,2254,1267
3382,1399,2255,693
3383,353,929,1050
3384,1099,1750,1150
3385,1130,1798,450
3386,730,2256,1141
3387,1173,1379,661
3388,724,2257,657
3389,645,1249,775
3390,1400,2258,1268
3391,952,2001,1154
3392,1401,2259,742
3393,1402,2260,375
3394,1403,2261,43
3395,1404,2262,1269
3396,1405,2263,1270
3397,1167,2031,1192
3398,459,249,1271
3399,1199,2014,192
3400,1406,2264,1272
3401,971,1328,943
3402,773,1202,393
3403,1258,252,176
3404,1407,2265,1273
3405,1408,2266,452
3406,1166,2267,1102
3407,567,1950,905
3408,1409,2268,1274
3409,717,2123,1102
3410,1410,2269,989
3411,538,791,1140
3412,944,1997,1275
3413,1296,949,1184
3414,892,2270,784
3415,101,2249,353
3416,42,43,844
3417,1191,2271,374
3418,832,1896,486
3419,1299,1591,625
3420,1328,2272,1276
3421,1411,2273,1079
3422,1412,1711,977
3423,722,1395,1277
3424,662,2274,834
3425,1087,459,43
3426,1295,2078,1278
3427,259,1555,486
3428,56,848,40
3429,902,1142,144
3430,765,1385,1175
3431,1413,2275,1198
3432,1414,2276,767
3433,1415,2277,991
3434,1200,1916,1279
3435,1250,1646,789
3436,820,517,134
3437,212,2107,1212
3438,784,372,144
3439,823,2278,900
3440,1140,2216,1097
3441,430,2279,804
3442,1416,2280,1106
3443,1417,1249,1102
3444,288,1795,910
3445,1304,2281,994
3446,1418,2282,1013
3447,1244,1998,1280
3448,1419,2283,1281
3449,769,2284,771
3450,1420,2285,1282
3451,1421,230,565
3452,1329,2286,262
3453,894,2287,969
3454,1422,2288,545
3455,1423,2289,1283
3456,1145,1823,1284
3457,1168,2225,1188
3458,1122,2290,450
3459,839,1796,279
3460,1424,2291,1285
3461,1425,1232,1286
3462,1426,1466,1287
3463,1427,1646,804
3464,214,2292,1
3465,651,2293,1155
3466,164,829,199
3467,1428,2294,1288
3468,1429,768,902
3469,80,2295,1132
3470,971,2296,1129
3471,1429,768,902
3472,926,2078,1289
3473,580,2297,144
3474,1430,2298,1022
3475,1353,2299,1050
3476,1203,374,1290
3477,1309,2144,1245
3478,1431,1395,706
3479,1432,463,1291
3480,291,2300,1292
3481,592,263,270
3482,1433,2301,1092
3483,1434,1322,811
3484,309,2302,1119
3485,1435,2303,1293
3486,1436,2304,1260
3487,1151,1533,571
3488,1259,2305,885
3489,548,1149,338
3490,1437,2191,1294
3491,192,2306,649
3492,1438,2307,1127
3493,668,1329,1182
3494,1233,1682,1182
3495,1439,790,1048
3496,234,1730,368
3497,491,1195,699
3498,1440,2308,1295
3499,1441,2309,1296
3500,1442,2310,959
3501,1214,1949,1297
3502,883,969,851
3503,1443,2311,1298
3504,1444,1042,1299
3505,785,2312,1300
3506,1445,2313,655
3507,1446,239,1301
3508,1447,397,1302
3509,1267,2314,1105
3510,1266,1828,1303
3511,646,978,699
3512,1274,1957,1304
3513,1383,2133,1305
3514,1448,965,1151
3515,1212,2315,1051
3516,1198,2316,1201
3517,1449,2317,1306
3518,701,1080,885
3519,1450,2318,722
3520,1244,2319,189
3521,1052,1364,921
3522,1451,2320,1307
3523,1263,2026,1308
3524,1321,2130,450
3525,1452,2321,504
3526,1383,2133,1256
3527,667,1793,1309
3528,1453,2322,1310
3529,443,2323,902
3530,1454,2324,450
3531,15,15,1311
3532,1185,786,1312
3533,1455,2325,1313
3534,1148,2326,353
3535,340,825,17
3536,1456,2327,1142
3537,1457,2206,953
3538,1458,2208,1240
3539,923,2328,744
3540,1459,516,1314
3541,14,2287,133
3542,227,559,1315
3543,1460,2329,1316
3544,1254,2330,1317
3545,1461,2331,457
3546,113,325,1318
3547,1462,2332,1319
3548,1213,2333,636
3549,415,589,1240
3550,1463,2334,1118
3551,1464,2335,757
3552,412,2336,1047
3553,524,860,19
3554,1465,2337,1320
3555,1466,2338,1252
3556,1212,2339,1321
3557,1337,2152,24
3558,1467,2340,1119
3559,889,2181,338
3560,1194,2341,1179
3561,1113,2342,427
3562,1137,919,840
3563,1468,2343,999
3564,673,2344,771
3565,1253,2007,1106
3566,1266,2001,1226
3567,1469,2345,96
3568,1470,2346,1322
3569,41,724,38
3570,1471,1271,488
3571,567,485,545
3572,1284,2347,1002
3573,1258,252,545
3574,931,2348,698
3575,670,1021,1278
3576,1193,1906,1323
3577,1472,2349,1268
3578,1354,2350,625
3579,32,32,1324
3580,1473,2351,964
3581,1474,2352,773
3582,680,1293,1325
3583,1475,1476,941
3584,1158,1845,957
3585,34,2353,11
3586,1006,357,878
3587,336,2354,1079
3588,111,2355,72
3589,913,1450,784
3590,882,2356,266
3591,804,2357,1326
3592,34,2358,1002
3593,1166,2359,1102
3594,1476,1415,1327
3595,1477,2188,953
3596,1063,1637,1328
3597,1334,2360,1329
3598,636,1941,574
3599,894,2361,625
3600,1478,2362,574
3601,1479,2328,43
3602,1480,2363,1330
3603,714,1795,1051
3604,1067,2364,1331
3605,1230,2268,1278
3606,1481,2365,1332
3607,711,1093,133
3608,1363,2071,1333
3609,1482,2366,1334
3610,1074,2367,1125
3611,300,2368,1226
3612,1483,2369,1240
3613,939,526,279
3614,1484,2370,1335
3615,762,1999,450
3616,999,2371,649
3617,101,2085,698
3618,1425,1232,1336
3619,1060,1920,1337
3620,379,525,851
3621,771,718,1013
3622,766,1130,1140
3623,221,2216,1051
3624,1324,591,440
3625,674,2223,1182
3626,1485,2372,1338
3627,491,2373,699
3628,630,952,708
3629,1486,1489,1132
3630,1352,790,1175
3631,819,2374,738
3632,1016,1620,1252
3633,1487,2375,1274
3634,859,2376,1260
3635,1488,2377,1339
3636,1076,2378,784
3637,1315,1715,440
3638,442,2379,88
3639,888,2380,771
3640,1297,2081,1340
3641,957,724,1341
3642,591,2381,1342
3643,821,2382,1343
3644,1489,2383,1344
3645,1490,2284,1106
3646,1309,2384,1345
3647,1491,2385,843
3648,1492,2144,1346
3649,1493,1748,649
3650,1494,2386,791
3651,1495,1593,830
3652,485,456,96
3653,1087,2387,699
3654,569,2002,1199
3655,1496,2388,1347
3656,1013,2389,1175
3657,365,2390,370
3658,1497,2391,821
3659,1313,2119,1348
3660,719,2392,574
3661,1038,2393,442
3662,1498,2394,136
3663,290,457,1349
3664,764,2395,904
3665,1499,2396,1277
3666,1500,2397,1350
3667,1501,1271,1051
3668,1502,2196,1351
3669,571,2398,1352
3670,524,2193,8
3671,1141,2399,804
3672,1425,1232,1353
3673,1503,2400,1354
3674,1361,2322,476
3675,1504,2015,1149
3676,1505,2401,1355
3677,1506,2402,368
3678,1370,2403,1356
3679,1507,2404,1357
3680,1452,2405,144
3681,1508,2082,904
3682,1509,2406,757
3683,1510,2407,1090
3684,1269,1867,840
3685,1307,2408,722
3686,430,2209,839
3687,1475,1776,1005
3688,217,2188,1358
3689,948,2409,852
3690,701,1080,885
3691,1031,2410,990
3692,1511,2411,1065
3693,1512,2412,1151
3694,1513,2413,958
3695,1514,2414,1143
3696,1515,1953,1114
3697,1516,837,565
3698,1110,1577,742
3699,1517,2415,837
3700,1405,2263,1359
3701,1518,1532,760
3702,1089,1738,651
3703,867,2416,815
3704,1519,2417,967
3705,1520,2418,1148
3706,289,2419,1104
3707,56,2420,1102
3708,1047,1663,1092
3709,1521,2421,1043
3710,1522,2422,1360
3711,814,2423,204
3712,1523,2424,1361
3713,851,69,1073
3714,1161,2425,229
3715,1524,1606,925
3716,1448,2426,1362
3717,1525,2153,139
3718,1526,2204,1363
3719,1243,2427,999
3720,742,2189,1364
3721,120,2428,8
3722,820,2429,134
3723,1527,2430,262
3724,1528,2431,1365
3725,577,848,1366
3726,1529,2432,1367
3727,1530,2433,738
3728,966,1531,775
3729,1531,2434,839
3730,564,826,545
3731,1358,2123,1342
3732,205,232,1368
3733,1050,2272,1369
3734,1251,2435,1370
3735,1152,2180,990
3736,642,1999,136
3737,998,2436,1371
3738,1410,277,989
3739,412,1502,1372
3740,569,2002,262
3741,572,1020,1348
3742,1532,2077,1373
3743,1533,2437,1130
3744,1158,2438,427
3745,1534,2439,1374
3746,1157,944,1375
3747,1064,1690,1376
3748,1464,1828,1143
3749,765,1182,804
3750,617,1828,905
3751,1535,2440,1377
3752,717,1521,1102
3753,1328,2178,804
3754,1122,2341,1179
3755,1010,1611,387
3756,1198,6,1378
3757,428,833,1379
3758,997,1139,338
3759,615,2441,1252
3760,1536,2442,830
3761,1256,2020,1125
3762,49,2443,338
3763,715,1812,957
3764,1363,2444,706
3765,1537,2445,828
3766,1538,2446,1380
3767,1164,1972,1352
3768,666,1412,144
3769,1539,2447,1381
3770,217,724,199
3771,1335,2448,1161
3772,1540,2449,1276
3773,1541,2450,976
3774,1542,2451,136
3775,1543,2382,757
3776,1544,2197,1339
3777,1545,1199,744
3778,234,555,964
3779,42,43,1263
3780,1546,2452,1382
3781,1547,2074,1383
3782,1502,2196,1384
3783,943,2453,1385
3784,1548,2289,1386
3785,1365,2204,957
3786,50,310,1387
3787,1153,2191,771
3788,5,2454,999
3789,1549,2455,1388
3790,1310,197,1096
3791,1550,2456,941
3792,780,578,910
3793,34,2457,452
3794,1192,1905,1389
3795,1063,2458,1333
3796,1551,2459,1341
3797,1552,2460,910
3798,1258,252,1390
3799,934,1215,346
3800,1553,2144,1391
3801,1298,2461,1392
3802,1554,2462,891
3803,720,2463,1106
3804,1555,2464,457
3805,1190,1017,1132
3806,1002,1429,1317
3807,1542,2465,657
3808,286,1299,353
3809,1011,26,96
3810,1200,1916,1279
3811,1206,2466,1393
3812,1338,1798,722
3813,1071,1702,1348
3814,1556,2467,242
3815,1557,2468,249
3816,1558,2469,1394
3817,1559,2470,62
3818,1378,2471,1174
3819,1365,2204,1051
3820,1189,2472,1127
3821,1018,2473,1395
3822,613,183,1277
3823,1353,2387,1050
3824,1560,2474,629
3825,1561,1710,1396
3826,1562,2475,1043
3827,1563,2476,1397
3828,860,1996,821
3829,1248,2477,1104
3830,826,2478,374
3831,1295,2078,699
3832,1564,2144,1245
3833,1565,2479,1398
3834,1270,2480,1199
3835,1566,2481,818
3836,1133,647,393
3837,1567,2416,1244
3838,1012,2482,1259
3839,1065,1691,821
3840,899,1436,8
3841,1364,2202,1238
3842,335,1902,1399
3843,1254,718,1400
3844,1150,2483,1065
3845,834,2484,1401
3846,1568,2336,706
3847,1138,1613,13
3848,430,1374,1402
3849,859,2436,738
3850,1569,1775,561
3851,1570,1756,649
3852,1373,2485,144
3853,1571,2486,795
3854,892,2487,24
3855,1415,2277,1403
3856,940,1483,1404
3857,32,32,1097
3858,1084,2488,1405
3859,726,2296,1129
3860,330,2489,1257
3861,113,325,1406
3862,1572,1654,759
3863,1573,2490,1407
3864,1574,419,740
3865,1372,1782,1260
3866,376,2491,1049
3867,1575,1589,1293
3868,1151,1533,571
3869,931,2492,1408
3870,1576,1847,814
3871,1036,2329,1274
3872,1577,2493,1278
3873,614,923,1409
3874,1578,2494,15
3875,1427,1646,526
3876,1114,2437,77
3877,430,2495,789
3878,1579,2496,1050
3879,1217,2035,38
3880,212,888,649
3881,1580,2497,585
3882,1581,2498,995
3883,1582,2499,1410
3884,1583,2500,1411
3885,1296,1389,969
3886,623,2501,1092
3887,72,72,1242
3888,1584,2502,1412
3889,1585,2503,1413
3890,1586,2504,665
3891,1587,2505,1414
3892,930,2048,1415
3893,961,2092,1416
3894,1023,2506,1417
3895,399,560,973
3896,1588,2188,1418
3897,1247,2003,1419
3898,383,533,91
3899,1589,2507,1420
3900,1181,1882,1421
3901,889,1417,698
3902,1113,2344,427
3903,8,2316,698
3904,1590,2508,1274
3905,491,2373,699
3906,1591,2363,1422
3907,1407,2265,1423
3908,882,2509,953
3909,1408,2510,798
3910,214,2511,1424
3911,567,829,1373
3912,101,1299,900
3913,1592,2512,1425
3914,1244,1998,1191
3915,1593,2328,1047
3916,1310,2501,374
3917,1594,2513,1426
3918,913,1450,1427
3919,1132,522,1422
3920,1595,2273,804
3921,1596,2514,1428
3922,1474,2352,773
3923,1597,2515,120
3924,259,763,1429
3925,1598,1748,1182
3926,300,1898,905
3927,1258,252,62
3928,1357,2190,486
3929,1304,2341,1179
3930,335,2516,1272
3931,1137,2517,1368
3932,618,2518,353
3933,1599,2519,1022
3934,823,2520,133
3935,1361,2521,334
3936,680,2522,1262
3937,111,2122,72
3938,1253,2523,1106
3939,1600,2524,62
3940,1049,2525,1333
3941,1601,1096,199
3942,1249,2001,900
3943,1539,2526,1430
3944,1588,2527,457
3945,688,1792,784
3946,1602,848,1431
3947,876,2528,913
3948,1603,2529,1106
3949,1465,1428,1432
3950,286,2414,353
3951,1114,2530,279
3952,1604,2531,526
3953,1488,2377,1433
3954,1170,1867,488
3955,1359,2532,262
3956,667,725,905
3957,1458,2533,1434
3958,1144,936,1184
3959,1433,2534,1043
3960,1605,2535,1054
3961,1606,2536,1435
3962,1394,2537,1436
3963,1493,2204,1349
3964,440,1812,1002
3965,935,2071,1193
3966,1607,2538,1437
3967,1608,1735,1370
3968,714,1795,910
3969,1609,2539,1438
3970,121,2540,1328
3971,1063,2541,1333
3972,998,2542,427
3973,1507,2093,1439
3974,1250,1299,789
3975,834,1844,1050
3976,1360,1681,1343
3977,1610,2543,1440
3978,1312,2010,945
3979,946,2544,565
3980,173,2545,1331
3981,804,2546,1441
3982,1611,2547,930
3983,1153,2544,1182
3984,1612,1391,1277
3985,930,2020,771
3986,1613,2548,1179
3987,580,1924,144
3988,1614,2303,1442
3989,315,2549,891
3990,1420,2550,1443
3991,693,2085,46
3992,1368,1459,1444
3993,340,2551,526
3994,1248,2552,1445
3995,560,2236,1237
3996,1472,2371,1446
3997,811,2553,1182
3998,160,463,757
3999,1615,1310,1447
4000,1543,2496,999
4001,1173,618,1050
4002,1416,1479,814
4003,1489,2554,1448
4004,290,2340,1102
4005,1616,1525,1405
4006,670,2555,374
4007,1617,2556,1449
4008,1353,2557,1268
4009,819,2025,814
4010,1471,2558,43
4011,1618,2559,1450
4012,1619,2115,697
4013,252,2560,1451
4014,902,1613,1268
4015,1620,2561,204
4016,938,1901,583
4017,879,1631,904
4018,867,2300,631
4019,536,2562,279
4020,34,2188,789
4021,1621,1933,906
4022,1425,1232,1452
4023,192,2563,1453
4024,1351,2564,891
4025,1251,2565,1328
4026,1091,2392,450
4027,1405,2263,1359
4028,952,1505,902
4029,1622,2566,1127
4030,1109,2567,1024
4031,1623,2568,798
4032,1624,2569,1289
4033,1281,2570,1288
4034,796,2571,1083
4035,1414,2572,245
4036,1385,2174,840
4037,1383,2133,621
4038,1625,2573,1454
4039,1626,2574,1455
4040,1627,2085,964
4041,771,2331,991
4042,1628,2575,803
4043,1629,952,1082
4044,1630,2576,1456
4045,1164,2577,1352
4046,1631,2578,1457
4047,1089,2579,1013
4048,1632,2580,1150
4049,32,32,608
4050,14,2581,1458
4051,936,2582,574
4052,1140,2583,913
4053,1633,2584,440
4054,1497,1364,574
4055,1478,2585,148
4056,70,239,1459
4057,1634,2586,1180
4058,1382,2235,1460
4059,1635,2587,1048
4060,1383,2133,621
4061,1636,2588,1461
4062,104,2589,913
4063,1637,544,266
4064,1638,2590,1106
4065,429,2545,1462
4066,445,1954,1463
4067,1410,277,989
4068,1639,2591,1464
4069,1640,2592,1465
4070,1152,2180,990
4071,32,32,1175
4072,1320,2249,545
4073,567,2249,1226
4074,491,2340,699
4075,1484,1239,1022
4076,693,1665,1054
4077,1641,840,1466
4078,1642,2593,1430
4079,1570,2328,1182
4080,47,2594,953
4081,1133,1896,486
4082,1251,2182,1467
4083,1269,2595,1335
4084,1643,2343,999
4085,1539,2596,1468
4086,1001,2597,1469
4087,1407,1954,1229
4088,430,2495,789
4089,926,2598,821
4090,815,1281,1470
4091,1558,2599,1151
4092,70,1178,735
4093,1644,2600,1433
4094,944,1181,133
4095,1358,780,1471
4096,955,1515,579
4097,1366,459,1472
4098,1305,2601,488
4099,717,1521,1102
4100,1113,2123,1226
4101,372,2341,1179
4102,1198,2602,1473
4103,713,1096,1175
4104,832,1555,486
4105,1010,1611,847
4106,1536,2603,905
4107,1153,2176,1143
4108,1509,2604,346
4109,1378,2605,1373
4110,1158,2606,427
4111,714,2534,1272
4112,839,2194,134
4113,1409,2607,1350
4114,763,2071,789
4115,1645,2608,1262
4116,1230,2197,1474
4117,1646,2609,738
4118,1501,1271,1475
4119,768,1193,199
4120,521,2610,1476
4121,1647,2611,1477
4122,8,1555,1332
4123,1648,2014,789
4124,873,2118,545
4125,19,2229,738
4126,1245,1094,1338
4127,41,1605,1478
4128,923,2436,346
4129,1649,2612,1479
4130,1650,2613,1480
4131,1296,2614,1356
4132,1528,2615,1048
4133,801,1251,804
4134,41,2616,949
4135,1651,2617,1140
4136,1652,2618,1481
4137,1166,1941,1482
4138,1336,244,1483
4139,1653,2619,1448
4140,1654,2618,1239
4141,1018,2473,144
4142,491,2620,699
4143,870,2621,1259
4144,998,1920,1472
4145,769,2622,1175
4146,876,2126,1023
4147,1170,1867,488
4148,1230,2623,1446
4149,1291,2533,1484
4150,812,2224,1051
4151,1365,2624,144
4152,1208,2625,838
4153,1243,2268,1278
4154,1655,2626,1051
4155,1206,2627,1485
4156,34,2379,698
4157,617,2628,1226
4158,430,788,1486
4159,1656,2349,1277
4160,814,1674,936
4161,1141,2146,1150
4162,1430,2629,1316
4163,1274,2630,1216
4164,1657,2631,1487
4165,1299,768,1436
4166,1658,2632,1488
4167,1081,2633,1372
4168,1606,2634,1435
4169,745,2635,811
4170,1449,2373,1489
4171,1372,2636,1434
4172,315,2637,368
4173,1659,2638,1490
4174,1660,2639,1491
4175,1328,2272,925
4176,784,644,1492
4177,1661,2640,1493
4178,1662,2641,1494
4179,1663,2642,941
4180,1139,2643,1229
4181,1421,2644,693
4182,1664,2645,1482
4183,486,2646,999
4184,623,2647,144
4185,1202,2648,1495
4186,1426,2649,985
4187,1665,2650,166
4188,1356,2651,1237
4189,589,261,486
4190,577,848,1114
4191,1412,2652,1284
4192,1194,2653,1445
4193,1666,2654,1496
4194,1319,2127,1497
4195,1329,2655,1498
4196,340,2551,773
4197,1667,2656,1499
4198,1668,2657,1409
4199,1006,485,1500
4200,946,2343,1231
4201,1669,2658,1125
4202,1670,2659,1501
4203,1352,482,1175
4204,1047,1663,854
4205,670,1021,1502
4206,192,2660,144
4207,1266,2661,957
4208,1671,2662,1503
4209,1532,2663,1373
4210,1469,2664,96
4211,1672,2665,1504
4212,859,2363,649
4213,1519,2417,1505
4214,1142,2666,338
4215,1673,2667,1506
4216,569,2565,1507
4217,971,1748,1508
4218,1674,2668,1509
4219,46,868,629
4220,543,2669,46
4221,1675,2670,1510
4222,645,2671,775
4223,217,2340,744
4224,843,2672,452
4225,1301,840,427
4226,564,826,969
4227,572,1020,1187
4228,874,512,1437
4229,889,2181,338
4230,1676,2673,1511
4231,1295,2078,1125
4232,880,2674,1512
4233,101,2617,1513
4234,765,1385,1514
4235,1677,2675,991
4236,1408,2676,798
4237,372,2341,1179
4238,1029,2677,133
4239,336,2354,1515
4240,1189,2678,199
4241,931,1491,1226
4242,1678,2108,1272
4243,1533,1950,1516
4244,1588,969,1143
4245,688,1063,1472
4246,1679,2679,1179
4247,773,1202,1132
4248,1313,2119,1048
4249,1422,2288,545
4250,212,2176,353
4251,1550,2508,1446
4252,1680,2680,784
4253,1315,2681,249
4254,997,2367,757
4255,1480,2682,699
4256,41,2102,393
4257,1681,2683,1517
4258,1599,2519,1022
4259,1498,1122,1201
4260,259,2684,486
4261,1193,1906,1518
4262,894,2501,1519
4263,430,2685,1237
4264,1682,2686,699
4265,1335,2149,1335
4266,824,1095,1520
4267,1683,2687,1092
4268,1333,2144,1521
4269,1684,2688,353
4270,1685,2375,1182
4271,1427,1646,1079
4272,1284,2684,1522
4273,1686,2689,1289
4274,1191,1812,964
4275,1687,2690,1523
4276,1504,2015,890
4277,290,2285,1423
4278,651,2691,1524
4279,1296,452,1184
4280,714,1795,910
4281,522,2380,625
4282,1688,2692,1198
4283,1473,2351,964
4284,1087,2344,1525
4285,1364,2202,1238
4286,1689,2693,771
4287,812,2224,72
4288,1690,2694,1526
4289,1691,2695,1527
4290,1692,2095,1463
4291,1324,1696,905
4292,1208,2696,1368
4293,1639,2591,738
4294,1693,1610,1352
4295,1694,2697,1368
4296,1372,2382,1434
4297,785,2537,1352
4298,1695,2392,1143
4299,1696,2698,1464
4300,1453,2322,629
4301,888,2699,771
4302,1472,2349,1528
4303,1697,2628,1437
4304,1698,2700,1220
4305,1699,2701,989
4306,769,2702,1529
4307,1168,2596,1438
4308,1700,1502,1193
4309,1501,1271,488
4310,1701,2703,1530
4311,14,788,23
4312,1702,2704,1531
4313,1703,2705,1532
4314,15,15,1193
4315,912,2706,1533
4316,10,2500,72
4317,1704,2707,1405
4318,1463,2334,1534
4319,1705,2471,1174
4320,1496,2708,1535
4321,1001,1727,1536
4322,1706,2709,1537
4323,1707,2131,608
4324,1200,1916,1538
4325,1708,2710,1539
4326,1355,2711,1540
4327,1549,1141,738
4328,1709,2712,1541
4329,1710,2713,1542
4330,702,725,1051
4331,1711,2714,1455
4332,636,2715,1256
4333,1415,2277,1543
4334,899,2449,821
4335,1712,2716,11
4336,870,2340,1259
4337,1553,2144,1391
4338,1713,2717,1441
4339,1714,2718,784
4340,1715,2719,24
4341,1716,2720,900
4342,157,175,1436
4343,811,2463,1106
4344,259,2721,378
4345,1363,2328,151
4346,1717,2722,19
4347,1718,2723,1096
4348,1719,2724,1472
4349,1720,2725,386
4350,442,2726,789
4351,1721,2727,1544
4352,1722,1298,519
4353,1723,2728,1469
4354,1724,2729,1545
4355,1725,2730,912
4356,173,2731,1546
4357,1726,2732,847
4358,383,2733,1324
4359,1353,2734,428
4360,1298,2735,262
4361,1727,2736,1547
4362,812,2688,144
4363,1728,2737,1548
4364,1729,2267,1549
4365,1730,1793,247
4366,1354,941,957
4367,1731,2738,1328
4368,1233,911,1147
4369,957,724,1048
4370,1732,2739,1550
4371,1733,2740,346
4372,1000,2741,571
4373,1734,2294,1551
4374,1735,2742,1552
4375,1352,2743,96
4376,1736,2192,1342
4377,100,628,690
4378,820,1421,134
4379,1737,2744,574
4380,1738,2745,1553
4381,412,2746,204
4382,1116,2747,722
4383,1379,2228,1554
4384,1739,2670,1555
4385,1740,2748,1556
4386,1741,2749,1557
4387,8,2141,698
4388,1306,2750,427
4389,1244,2751,1191
4390,1596,2718,1143
4391,1742,2752,1463
4392,1743,1207,249
4393,491,1927,699
4394,1152,2180,990
4395,731,2186,706
4396,1190,1017,1558
4397,572,1020,861
4398,1251,718,1469
4399,1280,2753,767
4400,230,267,579
4401,943,2453,885
4402,1192,2754,1462
4403,1242,2755,1559
4404,1334,2148,1423
4405,942,2756,1268
4406,762,1701,698
4407,688,2472,338
4408,1145,1823,1560
4409,217,2188,1561
4410,1744,2757,428
4411,1745,2758,1048
4412,1137,2759,1373
4413,1600,2660,133
4414,1509,1920,346
4415,1358,2123,1342
4416,1299,1293,1437
4417,742,116,1051
4418,56,2760,1430
4419,1266,2287,545
4420,1644,1298,1073
4421,1489,2077,1050
4422,1561,2761,738
4423,673,2166,771
4424,630,2517,1432
4425,1746,1806,144
4426,1747,2268,1262
4427,1748,2762,1182
4428,1153,2763,744
4429,1534,2439,789
4430,1582,2499,1079
4431,1250,1033,199
4432,1749,2764,1562
4433,569,1950,1237
4434,892,2765,957
4435,894,1428,784
4436,42,1603,1262
4437,717,2545,784
4438,310,1900,1349
4439,1559,2766,338
4440,1750,2767,1563
4441,1464,2768,38
4442,1253,2007,1106
4443,1590,2607,1350
4444,1150,2769,1429
4445,1114,2770,1536
4446,1751,2771,1515
4447,780,578,990
4448,1076,1711,374
4449,1329,2772,72
4450,823,2414,1143
4451,1609,2773,1564
4452,1598,1748,1182
4453,1752,2180,440
4454,1581,2774,991
4455,577,2775,1431
4456,1528,2776,1565
4457,1458,2777,1272
4458,32,32,851
4459,560,992,1525
4460,1532,2778,88
4461,1623,2229,96
4462,1753,1850,1335
4463,486,698,249
4464,1441,2309,1184
4465,1754,2779,1566
4466,101,1641,1433
4467,104,2131,1051
4468,1089,2780,1119
4469,966,1423,1567
4470,1310,1762,1054
4471,1258,252,1568
4472,1755,2781,1526
4473,948,2782,1569
4474,832,2348,486
4475,815,1281,1356
4476,1756,2783,1054
4477,1291,2160,989
4478,1714,2784,353
4479,1125,1784,1570
4480,430,2495,1420
4481,1640,2785,706
4482,1244,1998,1191
4483,1753,1850,1051
4484,1757,2786,1571
4485,913,2518,1572
4486,1549,2787,425
4487,1484,2788,1022
4488,929,2501,374
4489,1758,2789,1127
4490,1547,1725,964
4491,1759,2437,1573
4492,953,1299,1574
4493,1511,2790,89
4494,1760,2791,1229
4495,1761,2792,1518
4496,1157,2793,697
4497,1762,2794,1575
4498,998,1585,1472
4499,1763,2566,1445
4500,938,1901,1576
4501,810,1271,8
4502,379,525,1577
4503,1764,2795,814
4504,1429,768,1578
4505,1230,2796,144
4506,1765,2792,744
4507,674,2797,8
4508,1766,1096,1579
4509,1767,2798,1580
4510,711,2783,1565
4511,1768,2799,1581
4512,1131,1276,1445
4513,1606,2800,1298
4514,801,2801,1582
4515,1328,2137,878
4516,680,2802,1229
4517,1769,2803,784
4518,50,2804,1583
4519,1650,2613,23
4520,1770,2805,1584
4521,1249,2001,488
4522,1263,2026,1155
4523,1771,2806,1182
4524,1772,2292,8
4525,1773,2348,1050
4526,814,1674,1585
4527,580,2328,8
4528,1774,2807,1586
4529,1775,2808,1587
4530,383,2809,1023
4531,24,1577,1142
4532,1776,2810,944
4533,701,1080,1295
4534,1777,2436,1573
4535,1646,2279,798
4536,1778,2811,835
4537,1356,2812,1356
4538,1255,2018,1588
4539,1779,2813,1352
4540,1063,2814,1589
4541,1647,2611,1590
4542,372,2815,1591
4543,1780,2816,346
4544,1781,2817,1592
4545,1667,2656,1493
4546,1782,2818,1593
4547,1020,2819,249
4548,1360,1681,1594
4549,889,2181,738
4550,1783,2820,440
4551,771,1093,133
4552,567,2821,798
4553,1389,2545,1462
4554,765,2822,663
4555,1784,2823,1573
4556,1407,2265,457
4557,1785,1797,1595
4558,1366,2679,1596
4559,1786,2117,905
4560,572,1020,861
4561,892,2224,353
4562,1787,2824,1534
4563,810,1271,767
4564,1113,1199,1597
4565,1788,2825,1598
4566,1789,2826,1591
4567,1324,1696,545
4568,711,2089,655
4569,1557,2468,249
4570,1743,1207,1599
4571,1007,2827,322
4572,1790,2828,1600
4573,870,2829,699
4574,839,2830,1050
4575,923,2353,427
4576,1539,2447,1544
4577,1592,2831,1423
4578,440,2832,1601
4579,1791,2182,1602
4580,34,2814,1472
4581,1792,2833,1603
4582,1533,2192,1516
4583,1793,763,1002
4584,1133,2834,1511
4585,1794,252,1604
4586,1795,2456,1594
4587,1299,2510,1437
4588,670,1021,1231
4589,1153,2553,771
4590,1796,2437,1596
4591,1507,2404,1605
4592,829,2835,1606
4593,486,698,1607
4594,1797,2836,1608
4595,1798,116,72
4596,1747,2837,1262
4597,1799,2838,1335
4598,717,1521,784
4599,773,1202,885
4600,1472,2839,1278
4601,1800,2840,1609
4602,926,2575,1528
4603,860,2841,821
4604,1801,2842,1610
4605,1561,1601,757
4606,1320,405,1182
4607,1653,2619,1611
4608,1208,2843,1369
4609,1451,2844,1612
4610,1550,2508,1237
4611,804,2414,302
4612,1297,2081,266
4613,1802,1271,884
4614,859,2845,1613
4615,1141,2146,804
4616,1803,2846,1614
4617,769,2363,649
4618,1132,2847,1422
4619,882,1401,900
4620,1439,408,488
4621,1804,2848,1615
4622,1378,1249,1373
4623,1462,2189,1331
4624,101,2194,338
4625,1680,2680,1616
4626,1324,1711,89
4627,1805,2849,1617
4628,1305,2850,488
4629,539,1525,854
4630,1480,2363,346
4631,1153,2851,346
4632,1652,2852,1618
4633,888,2853,1619
4634,445,2854,1342
4635,1806,2855,1163
4636,221,2856,701
4637,1807,2857,1535
4638,1808,2858,1620
4639,1661,2640,1094
4640,1809,2859,486
4641,1630,2576,1621
4642,1810,2273,450
4643,1811,2860,757
4644,1315,2681,1096
4645,1649,2612,1479
4646,1501,1271,488
4647,714,2861,1622
4648,1168,2862,696
4649,1812,2863,1352
4650,1332,2864,176
4651,1328,2865,1623
4652,1081,2866,1624
4653,1650,2613,1568
4654,1813,2867,1201
4655,1595,2868,1132
4656,1814,2749,1625
4657,1815,2869,1601
4658,560,1850,913
4659,1016,1620,1571
4660,157,2870,722
4661,1816,2449,1569
4662,1817,2871,722
4663,997,2558,270
4664,1818,2872,262
4665,259,702,1277
4666,1209,2873,1626
4667,1819,2874,900
4668,1820,2875,1627
4669,1821,2876,1268
4670,1430,1949,1628
4671,1822,2877,1504
4672,34,228,1629
4673,47,2878,270
4674,214,825,192
4675,1778,2811,835
4676,1645,2085,784
4677,1664,2879,814
4678,1823,1999,838
4679,1656,2880,1341
4680,300,1850,844
4681,1824,2881,144
4682,1036,2882,1182
4683,1825,2883,47
4684,330,2884,1630
4685,1826,1718,1631
4686,1827,2885,1632
4687,1828,1082,964
4688,939,1285,1633
4689,1829,2886,1634
4690,1830,1601,701
4691,1831,2887,912
4692,1832,2888,1635
4693,32,32,457
4694,1833,2889,1636
4695,415,2890,1097
4696,1834,2891,1637
4697,1467,2892,1472
4698,1835,2893,1638
4699,1260,2894,1154
4700,1642,2331,1574
4701,1836,2664,1394
4702,1837,2712,1639
4703,879,1091,777
4704,1321,2130,771
4705,1168,2596,1640
4706,1838,2895,1283
4707,1232,975,631
4708,1839,2896,1516
4709,646,978,270
4710,1672,2897,1184
4711,46,868,1335
4712,1301,840,427
4713,630,952,1429
4714,1244,2180,990
4715,564,826,815
4716,999,2898,1125
4717,1840,2793,1641
4718,1596,2899,1396
4719,1841,2900,1642
4720,1253,1898,338
4721,1690,2608,1594
4722,1007,2301,698
4723,101,2357,789
4724,1842,2901,1643
4725,1064,1690,1447
4726,1214,2902,1644
4727,1687,2695,1373
4728,1158,1845,1469
4729,1742,2316,89
4730,445,2290,1645
4731,1358,41,1646
4732,931,1555,1226
4733,953,1299,1335
4734,1534,2439,1374
4735,1145,1823,440
4736,217,2189,1463
4737,1843,2903,1647
4738,1011,26,8
4739,1299,2510,1437
4740,1714,969,1648
4741,49,2904,1463
4742,1640,2905,1634
4743,1691,2906,1573
4744,1029,1181,133
4745,913,1450,1649
4746,1844,2806,1650
4747,1774,2807,1586
4748,1845,2907,1651
4749,1559,2908,486
4750,1570,1955,625
4751,1367,2223,1652
4752,766,1130,1237
4753,1846,2909,1653
4754,1847,2910,706
4755,1848,2673,1511
4756,1688,2911,1050
4757,1295,2912,1654
4758,944,2913,804
4759,41,2914,199
4760,1588,2560,1608
4761,1310,2915,1596
4762,715,2916,1655
4763,548,2917,851
4764,1507,2404,1656
4765,636,2918,803
4766,892,2919,905
4767,1787,2920,1534
4768,1312,2634,990
4769,1768,2799,1316
4770,1623,1850,1472
4771,1849,2921,765
4772,1850,2922,346
4773,1381,1812,1657
4774,1851,2923,1106
4775,1852,1711,1658
4776,1853,2924,1659
4777,680,829,1433
4778,1854,2925,1660
4779,1855,2926,1374
4780,688,1063,1437
4781,1247,2927,1371
4782,1229,1601,1356
4783,1001,2928,1054
4784,1680,2680,784
4785,1296,2929,1661
4786,335,1103,699
4787,1561,2930,905
4788,1658,2931,1433
4789,1480,2932,1106
4790,1305,2766,488
4791,1856,2695,1511
4792,1857,2685,1237
4793,1858,2933,1662
4794,811,2934,1663
4795,1682,2935,699
4796,834,1525,1664
4797,1270,2695,989
4798,1859,1998,592
4799,1543,2783,999
4800,763,98,1472
4801,1860,2936,1665
4802,1861,2220,1640
4803,1676,2937,1447
4804,1216,1033,1073
4805,32,32,885
4806,812,434,1051
4807,1741,2437,1666
4808,685,1056,247
4809,1862,2343,1153
4810,1684,639,1335
4811,1863,2938,1667
4812,1864,2939,1523
4813,1779,2813,625
4814,1865,2940,1668
4815,212,303,1048
4816,1866,2941,1669
4817,412,2187,23
4818,1867,2681,1670
4819,1868,1489,743
4820,1610,2543,1671
4821,1869,2942,913
4822,1870,2943,1672
4823,1464,2944,913
4824,876,2126,1023
4825,1370,2392,830
4826,1685,2375,521
4827,1871,2945,1352
4828,930,2048,1673
4829,1794,2946,545
4830,957,2947,486
4831,1872,2948,1674
4832,1873,2949,1325
4833,1701,2950,1073
4834,1662,2951,1565
4835,973,1547,1675
4836,1363,2952,757
4837,1874,2953,1676
4838,1471,2954,88
4839,1528,2431,1048
4840,1401,2955,1052
4841,1875,2956,1677
4842,1169,2957,270
4843,1705,2958,1678
4844,120,544,47
4845,442,2535,738
4846,1138,2959,1129
4847,1876,2413,1679
4848,1078,1408,77
4849,1877,2960,693
4850,1468,2961,62
4851,1878,2962,1373
4852,1879,2963,1680
4853,1880,2964,1441
4854,1814,2965,189
4855,1489,2966,1681
4856,1881,2967,1682
4857,1230,2968,706
4858,1765,2166,744
4859,1359,2532,1683
4860,1882,2969,269
4861,33,2272,96
4862,1883,2328,19
4863,372,2970,861
4864,1353,2482,1259
4865,1519,2417,1684
4866,1884,2971,279
4867,340,2132,814
4868,1324,1696,625
4869,892,315,353
4870,1389,2545,1462
4871,1536,2189,1685
4872,1885,2077,1054
4873,1315,2617,1591
4874,913,1450,1229
4875,1886,2972,1686
4876,1749,2764,323
4877,56,2973,1687
4878,1596,2618,1277
4879,711,2089,1229
4880,1887,2974,1161
4881,1152,2607,1342
4882,1300,2975,738
4883,1784,2823,1022
4884,1244,2751,1688
4885,1789,2617,1437
4886,1479,2976,1372
4887,1888,2977,1463
4888,710,2978,1516
4889,717,2979,1408
4890,1555,2980,1277
4891,1592,2290,1494
4892,1251,2676,798
4893,1889,2343,999
4894,1306,448,900
4895,569,2981,1589
4896,259,2982,1689
4897,1410,1686,1608
4898,714,1795,910
4899,1696,2983,270
4900,1890,2634,1092
4901,1305,2579,1651
4902,1825,2984,1637
4903,1891,2985,1278
4904,1642,1798,1396
4905,1219,2899,1342
4906,1743,1207,1599
4907,1640,2785,1634
4908,1269,2986,798
4909,1484,2788,1471
4910,1892,2987,1690
4911,1250,2221,789
4912,1026,1528,1083
4913,1242,2988,1050
4914,998,2989,1446
4915,1410,2854,1519
4916,8,1800,1516
4917,666,2857,1601
4918,1157,2356,322
4919,217,2990,199
4920,1489,2759,1373
4921,876,2991,1515
4922,1113,2506,1691
4923,1893,2992,547
4924,701,1080,1080
4925,1193,1906,1692
4926,1894,2993,1325
4927,1895,2618,1693
4928,1896,2994,1694
4929,212,1850,545
4930,300,2224,133
4931,1077,1713,657
4932,1897,1502,1641
4933,290,2995,1048
4934,1898,2996,1695
4935,1335,2997,1083
4936,894,2287,784
4937,34,2302,199
4938,1899,2998,1682
4939,1164,1854,1645
4940,1646,2999,1663
4941,1900,3000,1696
4942,832,2348,1527
4943,1901,2765,957
4944,1902,3001,8
4945,1258,252,1349
4946,1585,1389,1569
4947,946,2343,1511
4948,1310,2824,1596
4949,230,267,1697
4950,1903,3002,1540
4951,1142,3003,789
4952,1904,2839,1352
4953,1777,2436,1468
4954,1352,2340,625
4955,1379,3004,1698
4956,1148,3005,353
4957,1656,763,1429
4958,1137,2202,1238
4959,1905,1804,1174
4960,894,1428,784
4961,1409,2246,1371
4962,1693,1748,1699
4963,1689,3006,1700
4964,1351,2564,930
4965,1658,3007,1433
4966,1906,2843,1369
4967,486,698,1701
4968,1699,3008,1432
4969,1430,1792,1342
4970,1907,3009,1702
4971,1314,1681,1703
4972,41,102,723
4973,673,2344,771
4974,1639,2591,1464
4975,1908,2296,1559
4976,1408,2266,798
4977,1729,3010,1240
4978,1909,3011,1051
4979,1599,2519,1433
4980,1256,2020,1613
4981,1877,3012,1147
4982,1424,2291,1151
4983,1472,2839,1278
4984,1284,3013,1704
4985,874,512,738
4986,1910,2824,953
4987,1178,3014,738
4988,1911,3015,1222
4989,1912,3016,1705
4990,1472,2371,1700
4991,1677,3017,1706
4992,1913,3018,925
4993,32,32,1373
4994,1653,2619,1707
4995,1445,3019,1708
4996,272,242,1136
4997,55,55,1536
4998,1416,2436,346
4999,383,3020,96
5000,1914,3021,623
5001,56,3022,1471
5002,1189,2492,199
5003,1754,2779,1709
5004,1266,3023,1651
5005,1915,3024,1710
5006,543,2236,804
5007,1131,2694,1711
5008,1916,3025,1374
5009,1778,2811,835
5010,899,1808,1049
5011,651,3026,1712
5012,1917,3027,1179
5013,505,727,1092
5014,1014,1617,1573
5015,1570,3028,1355
5016,1639,2591,1713
5017,279,3029,134
5018,1918,3030,1657
5019,566,3031,1348
5020,1168,1762,696
5021,1417,3032,740
5022,443,3033,1714
5023,1757,2944,1627
5024,1688,2412,838
5025,1919,3034,1463
5026,1296,2836,302
5027,1798,3035,1054
5028,1751,3036,1715
5029,1814,2806,1716
5030,1596,99,38
5031,1360,1681,1594
5032,1920,3037,1143
5033,926,2430,1050
5034,1509,3038,1050
5035,1921,3039,757
5036,715,860,990
5037,1922,3016,1717
5038,889,1417,1718
5039,1601,3040,1719
5040,1590,2898,1720
5041,1603,2401,375
5042,823,1296,1143
5043,1196,3041,1721
5044,101,180,1433
5045,1783,2820,440
5046,1678,2108,1722
5047,1251,9,798
5048,882,1401,1437
5049,1728,1796,486
5050,630,952,1723
5051,1923,3042,1348
5052,1924,2117,1653
5053,372,2108,1724
5054,1407,2265,1672
5055,1473,2351,1725
5056,1313,2119,1646
5057,1430,1408,1726
5058,1925,2705,925
5059,1926,2899,1495
5060,445,3043,455
5061,1158,2282,1080
5062,1927,3044,1356
5063,430,3045,1237
5064,309,3046,1641
5065,1854,3047,1727
5066,717,3048,784
5067,1928,3049,1436
5068,1679,3050,767
5069,1929,829,1515
5070,1559,2470,1728
5071,810,3051,1527
5072,1930,1082,1432
5073,1826,2673,1511
5074,1119,3052,1534
5075,1866,2941,1729
5076,1684,2077,905
5077,1931,3053,718
5078,1533,3054,1462
5079,773,1202,1730
5080,1366,3055,1640
5081,1895,2835,1731
5082,771,3056,133
5083,804,2414,1732
5084,1932,1011,957
5085,1759,3057,1724
5086,1933,3058,1175
5087,1934,3059,767
5088,1166,1811,990
5089,1736,724,133
5090,1935,3060,1733
5091,1378,3061,1257
5092,1600,3062,1349
5093,938,1901,450
5094,1936,3063,1643
5095,1937,2684,1293
5096,1882,3064,1734
5097,1938,3065,1639
5098,693,1396,1735
5099,1557,2289,1736
5100,1482,3066,1433
5101,1939,2437,1262
5102,1940,3067,1047
5103,41,3068,96
5104,1941,2907,1737
5105,1911,3015,1083
5106,1872,2176,1738
5107,101,1715,1359
5108,1141,252,789
5109,1942,3069,1739
5110,1847,1748,1182
5111,1260,2883,15
5112,801,1251,789
5113,1943,1172,1613
5114,32,32,1470
5115,1527,3070,1740
5116,1944,3071,1741
5117,1805,2849,1235
5118,966,2798,1742
5119,1084,2340,302
5120,1945,2290,878
5121,680,1042,891
5122,1946,3072,1743
5123,1355,1293,1430
5124,1690,3073,991
5125,1480,2363,1106
5126,560,3074,1744
5127,1947,526,1368
5128,1547,699,1276
5129,1948,2628,1745
5130,1949,3075,279
5131,1950,3076,1106
5132,1169,3077,1515
5133,336,2354,1490
5134,1951,3078,1746
5135,1952,2213,969
5136,1477,2080,1595
5137,1230,3079,905
5138,1139,3080,1747
5139,1528,2785,1654
5140,1786,2117,353
5141,383,1605,1023
5142,1953,3081,696
5143,1954,1739,1748
5144,1955,3082,777
5145,1956,3083,1396
5146,1957,2569,1511
5147,1958,3084,1175
5148,1959,3085,1119
5149,1372,3086,1749
5150,1960,3087,1030
5151,1961,3088,1750
5152,1777,2436,1468
5153,1756,2371,1640
5154,829,3089,1444
5155,493,3090,1574
5156,1962,3091,1751
5157,1963,3092,1752
5158,1916,3093,1396
5159,1389,2545,427
5160,1925,2077,1054
5161,711,2836,1753
5162,1774,2807,1574
5163,1964,3094,659
5164,1640,3095,1511
5165,1244,2653,1473
5166,41,919,1660
5167,1965,2456,1675
5168,1029,1181,133
5169,1532,3096,1335
5170,665,3097,1161
5171,1489,2444,1754
5172,999,2430,1125
5173,310,3098,1755
5174,1306,326,1756
5175,1966,3099,738
5176,217,2334,1757
5177,1708,3100,1758
5178,1790,2828,1516
5179,1967,1948,957
5180,1785,1797,953
5181,1299,2348,1437
5182,1968,485,1759
5183,1318,2126,1645
5184,1145,1867,374
5185,1480,2363,784
5186,1677,2694,1594
5187,1969,3101,1760
5188,874,512,706
5189,1970,3102,1569
5190,1971,3103,1761
5191,580,1936,1051
5192,1972,3104,144
5193,1973,2899,1762
5194,309,3046,1641
5195,1230,18,52
5196,944,1997,1144
5197,1974,1207,1763
5198,1975,3105,1646
5199,1976,2835,1764
5200,892,2224,353
5201,1305,3106,488
5202,1844,1874,346
5203,1977,2090,1079
5204,834,1640,1737
5205,1641,2357,62
5206,1410,1686,1608
5207,1978,1209,957
5208,34,2353,11
5209,1979,3107,1672
5210,1980,3108,1182
5211,1981,3109,1765
5212,1714,3110,1596
5213,1049,3111,1766
5214,1133,3112,1396
5215,1913,3071,1696
5216,1253,2523,338
5217,1682,3113,699
5218,894,3114,784
5219,1539,2882,1767
5220,1982,3115,1463
5221,1983,3116,1768
5222,1859,1998,1769
5223,1984,3117,1356
5224,1985,3118,1289
5225,1986,1033,1770
5226,1987,3119,1595
5227,1749,3120,1771
5228,1988,1020,1772
5229,1787,2920,1534
5230,1784,2902,1022
5231,1989,3121,1586
5232,1688,3122,1050
5233,1990,3123,1773
5234,1520,3124,440
5235,1644,2821,1774
5236,1991,3125,1149
5237,1883,2328,1568
5238,1992,3126,1775
5239,1940,2346,1635
5240,1471,3124,1147
5241,1700,2939,1776
5242,1122,3127,1568
5243,1563,3128,1289
5244,1993,1502,1654
5245,1994,2750,368
5246,1465,1868,1444
5247,1995,3129,229
5248,1996,3130,1777
5249,1997,3131,1490
5250,1851,2380,1106
5251,1643,3132,1737
5252,1334,3133,1778
5253,618,3134,1441
5254,1998,2755,1748
5255,1999,3135,1512
5256,1820,2756,1779
5257,2000,3136,1780
5258,2001,3137,1781
5259,1829,2886,1634
5260,1145,3138,999
5261,668,2240,1782
5262,2002,3139,43
5263,1266,3140,891
5264,1050,1762,450
5265,2003,1998,1783
5266,1865,1784,1634
5267,430,2562,1771
5268,1850,3141,1784
5269,2004,522,811
5270,1242,1994,1050
5271,2005,3142,1785
5272,831,3143,1494
5273,1698,1372,1125
5274,212,303,1182
5275,2006,3144,1786
5276,2007,2031,1787
5277,560,3145,1788
5278,595,3146,1634
5279,1328,2272,925
5280,966,3147,1640
5281,2008,2376,1237
5282,2009,3148,1789
5283,674,2292,803
5284,1155,3149,1790
5285,2010,3150,1791
5286,1892,2987,1792
5287,2011,2246,1591
5288,1557,3151,913
5289,34,3152,1793
5290,2012,3153,1587
5291,1069,1698,997
5292,2013,3154,1622
5293,1760,3155,1794
5294,2014,3156,1795
5295,2015,2092,1608
5296,2016,3157,1796
5297,2017,3158,1797
5298,2018,3159,1798
5299,1858,2882,1799
5300,1383,2133,1800
5301,1964,3094,1801
5302,564,826,698
5303,1389,2545,427
5304,2019,3160,1050
5305,1927,3044,1356
5306,2003,2647,1802
5307,998,1585,885
5308,680,1017,1803
5309,1192,1905,1065
5310,1783,2820,440
5311,1313,2119,1226
5312,1925,2180,1050
5313,1610,2543,1643
5314,2020,3029,1804
5315,1814,2430,1716
5316,1919,3161,1805
5317,1895,3162,1806
5318,1751,1,1515
5319,931,3163,1807
5320,1358,2676,1646
5321,823,2331,789
5322,8,2249,8
5323,926,1468,1050
5324,577,232,1808
5325,1922,3016,1809
5326,2021,3164,1810
5327,1488,3165,1811
5328,1885,718,1812
5329,2022,1710,1813
5330,651,1828,625
5331,2023,3166,1623
5332,1656,2371,1814
5333,913,1450,1229
5334,2024,3167,1637
5335,1113,1796,1815
5336,1158,1509,625
5337,1321,2130,1697
5338,1874,2195,1816
5339,1870,1605,1672
5340,1685,2375,1754
5341,2025,1096,199
5342,1532,2077,651
5343,1528,2837,925
5344,1773,234,957
5345,715,3168,1463
5346,2026,2089,1229
5347,942,2756,1268
5348,2027,2692,1817
5349,701,1080,545
5350,2028,3169,1818
5351,2029,3170,1722
5352,1642,3171,1819
5353,2030,3172,1820
5354,2031,3173,488
5355,1361,3174,1821
5356,2032,2835,1688
5357,2033,3175,72
5358,2034,3176,697
5359,1891,3177,1568
5360,1229,2397,1822
5361,1865,3178,199
5362,1132,2847,1422
5363,1543,3179,1054
5364,1753,1850,738
5365,1728,763,1002
5366,1693,2910,1823
5367,2035,3172,1824
5368,1645,3180,547
5369,2036,3181,1825
5370,1896,2416,1826
5371,2037,3182,1559
5372,1087,2251,1637
5373,2038,1,1648
5374,1940,3183,1575
5375,1854,2267,1727
5376,2039,3184,1827
5377,2040,3185,1828
5378,946,2456,1594
5379,2041,3186,228
5380,259,1521,964
5381,2042,82,1151
5382,1168,1630,815
5383,824,1095,738
5384,2043,2213,1634
5385,1291,3187,1829
5386,1869,2414,270
5387,1265,3188,1830
5388,486,698,851
5389,1875,3189,1677
5390,2044,3190,1831
5391,2045,3191,1832
5392,2046,3074,1744
5393,1276,2050,1627
5394,1139,3192,1131
5395,2047,3193,1565
5396,1194,3194,1833
5397,843,3074,624
5398,2048,2843,1834
5399,2049,3195,1835
5400,2050,3196,1836
5401,1659,2638,1837
5402,1713,2717,1143
5403,2051,3197,1838
5404,2052,3198,229
5405,2053,3199,1742
5406,2054,2388,1509
5407,1519,2417,1505
5408,1383,2133,1256
5409,1943,3199,1839
5410,2055,3200,1840
5411,2056,3201,1841
5412,2057,3202,1842
5413,2058,3203,1103
5414,889,1417,1755
5415,2059,3071,1726
5416,1859,1998,1843
5417,2060,2510,625
5418,2061,3204,1844
5419,1178,1876,427
5420,2062,3043,38
5421,2063,3205,1845
